session,track,grooVAE_name,dualised_name,index,original_file_location,bpm,Syncopation,style
B2,0,B2_track00_drummer7-session2-64_rock_145_beat_4-4_best_2bar_segment_0_original.mid,B2_track00_drummer7-session2-64_rock_145_beat_4-4_best_2bar_segment_0_dualised.mid,210,train\drummer7-session2-64_rock_145_beat_4-4_best_2bar_segment_0.mid,145,25,rock
B2,1,B2_track01_drummer7-session2-37_rock_112_beat_4-4_best_2bar_segment_0_original.mid,B2_track01_drummer7-session2-37_rock_112_beat_4-4_best_2bar_segment_0_dualised.mid,207,train\drummer7-session2-37_rock_112_beat_4-4_best_2bar_segment_0.mid,112,26,rock
B2,2,B2_track02_drummer1-session3-8_rock_135_beat_4-4_best_2bar_segment_11_original.mid,B2_track02_drummer1-session3-8_rock_135_beat_4-4_best_2bar_segment_11_dualised.mid,97,train\drummer1-session3-8_rock_135_beat_4-4_best_2bar_segment_11.mid,135,11,rock
B2,3,B2_track03_drummer4-session1-1_rock_87_beat_4-4_best_2bar_segment_7_original.mid,B2_track03_drummer4-session1-1_rock_87_beat_4-4_best_2bar_segment_7_dualised.mid,144,train\drummer4-session1-1_rock_87_beat_4-4_best_2bar_segment_7.mid,87,37,rock
B2,4,B2_track04_drummer9-session1-13_rock_120_beat_4-4_best_2bar_segment_0_original.mid,B2_track04_drummer9-session1-13_rock_120_beat_4-4_best_2bar_segment_0_dualised.mid,292,train\drummer9-session1-13_rock_120_beat_4-4_best_2bar_segment_0.mid,120,23,rock
B2,5,B2_track05_drummer3-session2-29_rock_92_beat_4-4_best_2bar_segment_0_original.mid,B2_track05_drummer3-session2-29_rock_92_beat_4-4_best_2bar_segment_0_dualised.mid,136,train\drummer3-session2-29_rock_92_beat_4-4_best_2bar_segment_0.mid,92,7,rock
B2,6,B2_track06_drummer9-session1-15_rock_120_beat_4-4_best_2bar_segment_1_original.mid,B2_track06_drummer9-session1-15_rock_120_beat_4-4_best_2bar_segment_1_dualised.mid,294,train\drummer9-session1-15_rock_120_beat_4-4_best_2bar_segment_1.mid,120,40,rock
B2,7,B2_track07_drummer1-session1-1_funk_80_beat_4-4_best_2bar_segment_6_original.mid,B2_track07_drummer1-session1-1_funk_80_beat_4-4_best_2bar_segment_6_dualised.mid,58,train\drummer1-session1-1_funk_80_beat_4-4_best_2bar_segment_6.mid,80,53,funk
B2,8,B2_track08_drummer8-session1-10_neworleans-funk_82_beat_4-4_best_2bar_segment_4_original.mid,B2_track08_drummer8-session1-10_neworleans-funk_82_beat_4-4_best_2bar_segment_4_dualised.mid,240,train\drummer8-session1-10_neworleans-funk_82_beat_4-4_best_2bar_segment_4.mid,82,52,neworleans
B2,9,B2_track09_drummer1-session2-10_country_114_beat_4-4_best_2bar_segment_58_original.mid,B2_track09_drummer1-session2-10_country_114_beat_4-4_best_2bar_segment_58_dualised.mid,73,train\drummer1-session2-10_country_114_beat_4-4_best_2bar_segment_58.mid,114,72,country
B2,10,B2_track10_drummer7-session1-13_funk_102_beat_4-4_best_2bar_segment_6_original.mid,B2_track10_drummer7-session1-13_funk_102_beat_4-4_best_2bar_segment_6_dualised.mid,331,validation\drummer7-session1-13_funk_102_beat_4-4_best_2bar_segment_6.mid,102,68,funk
B2,11,B2_track11_drummer8-session2-29_latin-bounce_106_beat_4-4_best_2bar_segment_30_original.mid,B2_track11_drummer8-session2-29_latin-bounce_106_beat_4-4_best_2bar_segment_30_dualised.mid,272,train\drummer8-session2-29_latin-bounce_106_beat_4-4_best_2bar_segment_30.mid,106,37,latin
B2,12,B2_track12_drummer7-session2-97_pop_142_beat_4-4_best_2bar_segment_3_original.mid,B2_track12_drummer7-session2-97_pop_142_beat_4-4_best_2bar_segment_3_dualised.mid,218,train\drummer7-session2-97_pop_142_beat_4-4_best_2bar_segment_3.mid,142,0,pop
B2,13,B2_track13_drummer4-session1-9_latin-merengue_158_beat_4-4_best_2bar_segment_7_original.mid,B2_track13_drummer4-session1-9_latin-merengue_158_beat_4-4_best_2bar_segment_7_dualised.mid,148,train\drummer4-session1-9_latin-merengue_158_beat_4-4_best_2bar_segment_7.mid,158,24,latin
B2,14,B2_track14_drummer9-session1-14_rock_120_beat_4-4_best_2bar_segment_2_original.mid,B2_track14_drummer9-session1-14_rock_120_beat_4-4_best_2bar_segment_2_dualised.mid,293,train\drummer9-session1-14_rock_120_beat_4-4_best_2bar_segment_2.mid,120,25,rock
B2,15,B2_track15_drummer8-session2-40_rock-indie_104_beat_4-4_best_2bar_segment_12_original.mid,B2_track15_drummer8-session2-40_rock-indie_104_beat_4-4_best_2bar_segment_12_dualised.mid,50,test\drummer8-session2-40_rock-indie_104_beat_4-4_best_2bar_segment_12.mid,104,26,rock
B2,16,B2_track16_drummer7-session3-39_rock-indie_63_beat_4-4_best_2bar_segment_16_original.mid,B2_track16_drummer7-session3-39_rock-indie_63_beat_4-4_best_2bar_segment_16_dualised.mid,231,train\drummer7-session3-39_rock-indie_63_beat_4-4_best_2bar_segment_16.mid,63,42,rock
B2,17,B2_track17_drummer8-session2-32_rock_117_beat_4-4_best_2bar_segment_75_original.mid,B2_track17_drummer8-session2-32_rock_117_beat_4-4_best_2bar_segment_75_dualised.mid,276,train\drummer8-session2-32_rock_117_beat_4-4_best_2bar_segment_75.mid,117,9,rock
B2,18,B2_track18_drummer3-session1-32_jazz_120_beat_4-4_best_2bar_segment_1_original.mid,B2_track18_drummer3-session1-32_jazz_120_beat_4-4_best_2bar_segment_1_dualised.mid,11,test\drummer3-session1-32_jazz_120_beat_4-4_best_2bar_segment_1.mid,120,0,jazz
B2,19,B2_track19_drummer2-session3-1_rock-shuffle_85_beat_4-4_best_2bar_segment_48_original.mid,B2_track19_drummer2-session3-1_rock-shuffle_85_beat_4-4_best_2bar_segment_48_dualised.mid,114,train\drummer2-session3-1_rock-shuffle_85_beat_4-4_best_2bar_segment_48.mid,85,89,rock
B2,20,B2_track20_drummer7-session3-47_funk_112_beat_4-4_best_2bar_segment_17_original.mid,B2_track20_drummer7-session3-47_funk_112_beat_4-4_best_2bar_segment_17_dualised.mid,233,train\drummer7-session3-47_funk_112_beat_4-4_best_2bar_segment_17.mid,112,39,funk
B2,21,B2_track21_drummer7-session2-100_pop_142_beat_4-4_best_2bar_segment_8_original.mid,B2_track21_drummer7-session2-100_pop_142_beat_4-4_best_2bar_segment_8_dualised.mid,332,validation\drummer7-session2-100_pop_142_beat_4-4_best_2bar_segment_8.mid,142,24,pop
B2,22,B2_track22_drummer8-session2-30_afrobeat_98_beat_4-4_best_2bar_segment_11_original.mid,B2_track22_drummer8-session2-30_afrobeat_98_beat_4-4_best_2bar_segment_11_dualised.mid,274,train\drummer8-session2-30_afrobeat_98_beat_4-4_best_2bar_segment_11.mid,98,35,afrobeat
B2,23,B2_track23_drummer3-session2-26_hiphop_92_beat_4-4_best_2bar_segment_5_original.mid,B2_track23_drummer3-session2-26_hiphop_92_beat_4-4_best_2bar_segment_5_dualised.mid,134,train\drummer3-session2-26_hiphop_92_beat_4-4_best_2bar_segment_5.mid,92,19,hiphop
B2,24,B2_track24_drummer1-session3-17_afrocuban-calypso_108_beat_4-4_best_2bar_segment_14_original.mid,B2_track24_drummer1-session3-17_afrocuban-calypso_108_beat_4-4_best_2bar_segment_14_dualised.mid,88,train\drummer1-session3-17_afrocuban-calypso_108_beat_4-4_best_2bar_segment_14.mid,108,37,afrocuban
B2,25,B2_track25_drummer1-session2-180_rock_50_beat_4-4_best_2bar_segment_8_original.mid,B2_track25_drummer1-session2-180_rock_50_beat_4-4_best_2bar_segment_8_dualised.mid,76,train\drummer1-session2-180_rock_50_beat_4-4_best_2bar_segment_8.mid,50,0,rock
B2,26,B2_track26_drummer8-session2-42_highlife_126_beat_4-4_best_2bar_segment_14_original.mid,B2_track26_drummer8-session2-42_highlife_126_beat_4-4_best_2bar_segment_14_dualised.mid,284,train\drummer8-session2-42_highlife_126_beat_4-4_best_2bar_segment_14.mid,126,58,highlife
B2,27,B2_track27_drummer8-session2-4_afrobeat_114_beat_4-4_best_2bar_segment_27_original.mid,B2_track27_drummer8-session2-4_afrobeat_114_beat_4-4_best_2bar_segment_27_dualised.mid,285,train\drummer8-session2-4_afrobeat_114_beat_4-4_best_2bar_segment_27.mid,114,45,afrobeat
B2,28,B2_track28_drummer8-session1-26_afrobeat_94_beat_4-4_best_2bar_segment_5_original.mid,B2_track28_drummer8-session1-26_afrobeat_94_beat_4-4_best_2bar_segment_5_dualised.mid,252,train\drummer8-session1-26_afrobeat_94_beat_4-4_best_2bar_segment_5.mid,94,78,afrobeat
B2,29,B2_track29_drummer7-session2-79_funk_100_beat_4-4_best_2bar_segment_3_original.mid,B2_track29_drummer7-session2-79_funk_100_beat_4-4_best_2bar_segment_3_dualised.mid,214,train\drummer7-session2-79_funk_100_beat_4-4_best_2bar_segment_3.mid,100,74,funk
B2,30,B2_track30_drummer1-session3-13_rock_115_beat_4-4_best_2bar_segment_56_original.mid,B2_track30_drummer1-session3-13_rock_115_beat_4-4_best_2bar_segment_56_dualised.mid,318,validation\drummer1-session3-13_rock_115_beat_4-4_best_2bar_segment_56.mid,115,8,rock
B2,31,B2_track31_drummer3-session1-7_rock_105_beat_4-4_best_2bar_segment_0_original.mid,B2_track31_drummer3-session1-7_rock_105_beat_4-4_best_2bar_segment_0_dualised.mid,320,validation\drummer3-session1-7_rock_105_beat_4-4_best_2bar_segment_0.mid,105,8,rock
B2,32,B2_track32_drummer3-session2-31_hiphop_92_beat_4-4_best_2bar_segment_0_original.mid,B2_track32_drummer3-session2-31_hiphop_92_beat_4-4_best_2bar_segment_0_dualised.mid,139,train\drummer3-session2-31_hiphop_92_beat_4-4_best_2bar_segment_0.mid,92,6,hiphop
B2,33,B2_track33_drummer3-session1-19_jazz_120_beat_4-4_best_2bar_segment_1_original.mid,B2_track33_drummer3-session1-19_jazz_120_beat_4-4_best_2bar_segment_1_dualised.mid,118,train\drummer3-session1-19_jazz_120_beat_4-4_best_2bar_segment_1.mid,120,0,jazz
B2,34,B2_track34_drummer3-session1-4_rock_105_beat_4-4_best_2bar_segment_4_original.mid,B2_track34_drummer3-session1-4_rock_105_beat_4-4_best_2bar_segment_4_dualised.mid,123,train\drummer3-session1-4_rock_105_beat_4-4_best_2bar_segment_4.mid,105,19,rock
B2,35,B2_track35_drummer1-session2-35_punk_128_beat_4-4_best_2bar_segment_30_original.mid,B2_track35_drummer1-session2-35_punk_128_beat_4-4_best_2bar_segment_30_dualised.mid,9,test\drummer1-session2-35_punk_128_beat_4-4_best_2bar_segment_30.mid,128,43,punk
B2,36,B2_track36_drummer8-session2-38_rock_112_beat_4-4_best_2bar_segment_4_original.mid,B2_track36_drummer8-session2-38_rock_112_beat_4-4_best_2bar_segment_4_dualised.mid,281,train\drummer8-session2-38_rock_112_beat_4-4_best_2bar_segment_4.mid,112,16,rock
B2,37,B2_track37_drummer7-session2-112_jazz-fusion_96_beat_4-4_best_2bar_segment_3_original.mid,B2_track37_drummer7-session2-112_jazz-fusion_96_beat_4-4_best_2bar_segment_3_dualised.mid,32,test\drummer7-session2-112_jazz-fusion_96_beat_4-4_best_2bar_segment_3.mid,96,26,jazz
B2,38,B2_track38_drummer1-session1-75_jazz_125_beat_4-4_best_2bar_segment_2_original.mid,B2_track38_drummer1-session1-75_jazz_125_beat_4-4_best_2bar_segment_2_dualised.mid,66,train\drummer1-session1-75_jazz_125_beat_4-4_best_2bar_segment_2.mid,125,20,jazz
B2,39,B2_track39_drummer1-session2-161_afrocuban-rhumba_110_beat_4-4_best_2bar_segment_35_original.mid,B2_track39_drummer1-session2-161_afrocuban-rhumba_110_beat_4-4_best_2bar_segment_35_dualised.mid,75,train\drummer1-session2-161_afrocuban-rhumba_110_beat_4-4_best_2bar_segment_35.mid,110,40,afrocuban
B2,40,B2_track40_drummer4-session1-6_blues-shuffle_134_beat_4-4_best_2bar_segment_2_original.mid,B2_track40_drummer4-session1-6_blues-shuffle_134_beat_4-4_best_2bar_segment_2_dualised.mid,146,train\drummer4-session1-6_blues-shuffle_134_beat_4-4_best_2bar_segment_2.mid,134,32,blues
B2,41,B2_track41_drummer5-session1-16_rock_136_beat_4-4_best_2bar_segment_29_original.mid,B2_track41_drummer5-session1-16_rock_136_beat_4-4_best_2bar_segment_29_dualised.mid,153,train\drummer5-session1-16_rock_136_beat_4-4_best_2bar_segment_29.mid,136,26,rock
B2,42,B2_track42_drummer1-session3-18_rock_128_beat_4-4_best_2bar_segment_5_original.mid,B2_track42_drummer1-session3-18_rock_128_beat_4-4_best_2bar_segment_5_dualised.mid,89,train\drummer1-session3-18_rock_128_beat_4-4_best_2bar_segment_5.mid,128,19,rock
B2,43,B2_track43_drummer6-session3-7_rock_88_beat_4-4_best_2bar_segment_22_original.mid,B2_track43_drummer6-session3-7_rock_88_beat_4-4_best_2bar_segment_22_dualised.mid,185,train\drummer6-session3-7_rock_88_beat_4-4_best_2bar_segment_22.mid,88,36,rock
B2,44,B2_track44_drummer10-session1-2_jazz-swing_215_beat_4-4_best_2bar_segment_30_original.mid,B2_track44_drummer10-session1-2_jazz-swing_215_beat_4-4_best_2bar_segment_30_dualised.mid,101,train\drummer10-session1-2_jazz-swing_215_beat_4-4_best_2bar_segment_30.mid,215,17,jazz
B2,45,B2_track45_drummer7-session2-103_pop_132_beat_4-4_best_2bar_segment_0_original.mid,B2_track45_drummer7-session2-103_pop_132_beat_4-4_best_2bar_segment_0_dualised.mid,199,train\drummer7-session2-103_pop_132_beat_4-4_best_2bar_segment_0.mid,132,27,pop
B2,46,B2_track46_drummer10-session1-4_jazz-swing_215_beat_4-4_best_2bar_segment_5_original.mid,B2_track46_drummer10-session1-4_jazz-swing_215_beat_4-4_best_2bar_segment_5_dualised.mid,103,train\drummer10-session1-4_jazz-swing_215_beat_4-4_best_2bar_segment_5.mid,215,15,jazz
B2,47,B2_track47_drummer7-session3-120_rock_93_beat_4-4_best_2bar_segment_4_original.mid,B2_track47_drummer7-session3-120_rock_93_beat_4-4_best_2bar_segment_4_dualised.mid,223,train\drummer7-session3-120_rock_93_beat_4-4_best_2bar_segment_4.mid,93,19,rock
B2,48,B2_track48_drummer8-session1-18_funk_108_beat_4-4_best_2bar_segment_28_original.mid,B2_track48_drummer8-session1-18_funk_108_beat_4-4_best_2bar_segment_28_dualised.mid,340,validation\drummer8-session1-18_funk_108_beat_4-4_best_2bar_segment_28.mid,108,50,funk
B2,49,B2_track49_drummer9-session1-7_rock_100_beat_4-4_best_2bar_segment_0_original.mid,B2_track49_drummer9-session1-7_rock_100_beat_4-4_best_2bar_segment_0_dualised.mid,53,test\drummer9-session1-7_rock_100_beat_4-4_best_2bar_segment_0.mid,100,33,rock
B2,50,B2_track50_drummer1-session2-90_funk-rock_92_beat_4-4_best_2bar_segment_37_original.mid,B2_track50_drummer1-session2-90_funk-rock_92_beat_4-4_best_2bar_segment_37_dualised.mid,84,train\drummer1-session2-90_funk-rock_92_beat_4-4_best_2bar_segment_37.mid,92,19,funk
B2,51,B2_track51_drummer8-session1-13_latin_118_beat_4-4_best_2bar_segment_27_original.mid,B2_track51_drummer8-session1-13_latin_118_beat_4-4_best_2bar_segment_27_dualised.mid,243,train\drummer8-session1-13_latin_118_beat_4-4_best_2bar_segment_27.mid,118,33,latin
B2,52,B2_track52_drummer7-session3-150_soul_105_beat_4-4_best_2bar_segment_9_original.mid,B2_track52_drummer7-session3-150_soul_105_beat_4-4_best_2bar_segment_9_dualised.mid,227,train\drummer7-session3-150_soul_105_beat_4-4_best_2bar_segment_9.mid,105,27,soul
B2,53,B2_track53_drummer1-session2-142_gospel_120_beat_4-4_best_2bar_segment_17_original.mid,B2_track53_drummer1-session2-142_gospel_120_beat_4-4_best_2bar_segment_17_dualised.mid,315,validation\drummer1-session2-142_gospel_120_beat_4-4_best_2bar_segment_17.mid,120,15,gospel
B2,54,B2_track54_drummer5-session2-6_neworleans-secondline_99_beat_4-4_best_2bar_segment_36_original.mid,B2_track54_drummer5-session2-6_neworleans-secondline_99_beat_4-4_best_2bar_segment_36_dualised.mid,176,train\drummer5-session2-6_neworleans-secondline_99_beat_4-4_best_2bar_segment_36.mid,99,72,neworleans
B2,55,B2_track55_drummer8-session2-20_neworleans-funk_90_beat_4-4_best_2bar_segment_18_original.mid,B2_track55_drummer8-session2-20_neworleans-funk_90_beat_4-4_best_2bar_segment_18_dualised.mid,265,train\drummer8-session2-20_neworleans-funk_90_beat_4-4_best_2bar_segment_18.mid,90,47,neworleans
B2,56,B2_track56_drummer7-session2-113_jazz-fusion_96_beat_4-4_best_2bar_segment_8_original.mid,B2_track56_drummer7-session2-113_jazz-fusion_96_beat_4-4_best_2bar_segment_8_dualised.mid,333,validation\drummer7-session2-113_jazz-fusion_96_beat_4-4_best_2bar_segment_8.mid,96,26,jazz
B2,57,B2_track57_drummer5-session2-13_rock_140_beat_4-4_best_2bar_segment_9_original.mid,B2_track57_drummer5-session2-13_rock_140_beat_4-4_best_2bar_segment_9_dualised.mid,166,train\drummer5-session2-13_rock_140_beat_4-4_best_2bar_segment_9.mid,140,12,rock
B2,58,B2_track58_drummer10-session1-3_jazz-swing_215_beat_4-4_best_2bar_segment_12_original.mid,B2_track58_drummer10-session1-3_jazz-swing_215_beat_4-4_best_2bar_segment_12_dualised.mid,102,train\drummer10-session1-3_jazz-swing_215_beat_4-4_best_2bar_segment_12.mid,215,0,jazz
B2,59,B2_track59_drummer9-session1-23_rock_120_beat_4-4_best_2bar_segment_8_original.mid,B2_track59_drummer9-session1-23_rock_120_beat_4-4_best_2bar_segment_8_dualised.mid,301,train\drummer9-session1-23_rock_120_beat_4-4_best_2bar_segment_8.mid,120,39,rock
B2,60,B2_track60_drummer5-session1-20_latin-brazilian-baiao_110_beat_4-4_best_2bar_segment_28_original.mid,B2_track60_drummer5-session1-20_latin-brazilian-baiao_110_beat_4-4_best_2bar_segment_28_dualised.mid,158,train\drummer5-session1-20_latin-brazilian-baiao_110_beat_4-4_best_2bar_segment_28.mid,110,65,latin
B2,61,B2_track61_drummer8-session1-20_rock-shuffle_112_beat_4-4_best_2bar_segment_60_original.mid,B2_track61_drummer8-session1-20_rock-shuffle_112_beat_4-4_best_2bar_segment_60_dualised.mid,247,train\drummer8-session1-20_rock-shuffle_112_beat_4-4_best_2bar_segment_60.mid,112,31,rock
B2,62,B2_track62_drummer8-session2-41_highlife_126_beat_4-4_best_2bar_segment_50_original.mid,B2_track62_drummer8-session2-41_highlife_126_beat_4-4_best_2bar_segment_50_dualised.mid,51,test\drummer8-session2-41_highlife_126_beat_4-4_best_2bar_segment_50.mid,126,36,highlife
B2,63,B2_track63_drummer1-session1-80_dance-breakbeat_170_beat_4-4_best_2bar_segment_4_original.mid,B2_track63_drummer1-session1-80_dance-breakbeat_170_beat_4-4_best_2bar_segment_4_dualised.mid,70,train\drummer1-session1-80_dance-breakbeat_170_beat_4-4_best_2bar_segment_4.mid,170,25,dance
B2,64,B2_track64_drummer10-session1-5_jazz-swing_215_beat_4-4_best_2bar_segment_22_original.mid,B2_track64_drummer10-session1-5_jazz-swing_215_beat_4-4_best_2bar_segment_22_dualised.mid,104,train\drummer10-session1-5_jazz-swing_215_beat_4-4_best_2bar_segment_22.mid,215,18,jazz
B2,65,B2_track65_drummer3-session2-3_rock_100_beat_4-4_best_2bar_segment_1_original.mid,B2_track65_drummer3-session2-3_rock_100_beat_4-4_best_2bar_segment_1_dualised.mid,141,train\drummer3-session2-3_rock_100_beat_4-4_best_2bar_segment_1.mid,100,0,rock
B2,66,B2_track66_drummer1-session3-1_rock-prog_125_beat_4-4_best_2bar_segment_88_original.mid,B2_track66_drummer1-session3-1_rock-prog_125_beat_4-4_best_2bar_segment_88_dualised.mid,90,train\drummer1-session3-1_rock-prog_125_beat_4-4_best_2bar_segment_88.mid,125,43,rock
B2,67,B2_track67_drummer3-session2-16_rock_100_beat_4-4_best_2bar_segment_3_original.mid,B2_track67_drummer3-session2-16_rock_100_beat_4-4_best_2bar_segment_3_dualised.mid,128,train\drummer3-session2-16_rock_100_beat_4-4_best_2bar_segment_3.mid,100,15,rock
