session,track,grooVAE_name,dualised_name,index,original_file_location,bpm,Syncopation,style
repetition3,0,repetition3_track00_drummer7-session3-131_soul_105_beat_4-4_best_2bar_segment_9_original.mid,repetition3_track00_drummer7-session3-131_soul_105_beat_4-4_best_2bar_segment_9_dualised.mid,226,train\drummer7-session3-131_soul_105_beat_4-4_best_2bar_segment_9.mid,105,45,soul
repetition3,1,repetition3_track01_drummer1-session1-202_rock-halftime_140_beat_4-4_best_2bar_segment_10_original.mid,repetition3_track01_drummer1-session1-202_rock-halftime_140_beat_4-4_best_2bar_segment_10_dualised.mid,59,train\drummer1-session1-202_rock-halftime_140_beat_4-4_best_2bar_segment_10.mid,140,5,rock
repetition3,2,repetition3_track02_drummer7-session1-38_hiphop_100_beat_4-4_best_2bar_segment_1_original.mid,repetition3_track02_drummer7-session1-38_hiphop_100_beat_4-4_best_2bar_segment_1_dualised.mid,193,train\drummer7-session1-38_hiphop_100_beat_4-4_best_2bar_segment_1.mid,100,108,hiphop
repetition3,3,repetition3_track03_drummer7-session1-22_hiphop_100_beat_4-4_best_2bar_segment_2_original.mid,repetition3_track03_drummer7-session1-22_hiphop_100_beat_4-4_best_2bar_segment_2_dualised.mid,192,train\drummer7-session1-22_hiphop_100_beat_4-4_best_2bar_segment_2.mid,100,32,hiphop
repetition3,4,repetition3_track04_drummer5-session2-3_latin-brazilian_101_beat_4-4_best_2bar_segment_25_original.mid,repetition3_track04_drummer5-session2-3_latin-brazilian_101_beat_4-4_best_2bar_segment_25_dualised.mid,174,train\drummer5-session2-3_latin-brazilian_101_beat_4-4_best_2bar_segment_25.mid,101,75,latin
repetition3,5,repetition3_track05_drummer1-session1-184_reggae_78_beat_4-4_best_2bar_segment_8_original.mid,repetition3_track05_drummer1-session1-184_reggae_78_beat_4-4_best_2bar_segment_8_dualised.mid,57,train\drummer1-session1-184_reggae_78_beat_4-4_best_2bar_segment_8.mid,78,0,reggae
repetition3,6,repetition3_track06_drummer1-session3-6_dance-disco_120_beat_4-4_best_2bar_segment_68_original.mid,repetition3_track06_drummer1-session3-6_dance-disco_120_beat_4-4_best_2bar_segment_68_dualised.mid,95,train\drummer1-session3-6_dance-disco_120_beat_4-4_best_2bar_segment_68.mid,120,14,dance
repetition3,7,repetition3_track07_drummer7-session1-38_hiphop_100_beat_4-4_best_2bar_segment_1_original.mid,repetition3_track07_drummer7-session1-38_hiphop_100_beat_4-4_best_2bar_segment_1_dualised.mid,193,train\drummer7-session1-38_hiphop_100_beat_4-4_best_2bar_segment_1.mid,100,108,hiphop
repetition3,8,repetition3_track08_drummer5-session1-3_latin-brazilian-samba_89_beat_4-4_best_2bar_segment_15_original.mid,repetition3_track08_drummer5-session1-3_latin-brazilian-samba_89_beat_4-4_best_2bar_segment_15_dualised.mid,159,train\drummer5-session1-3_latin-brazilian-samba_89_beat_4-4_best_2bar_segment_15.mid,89,54,latin
repetition3,9,repetition3_track09_drummer1-session1-4_jazz-funk_116_beat_4-4_best_2bar_segment_5_original.mid,repetition3_track09_drummer1-session1-4_jazz-funk_116_beat_4-4_best_2bar_segment_5_dualised.mid,7,test\drummer1-session1-4_jazz-funk_116_beat_4-4_best_2bar_segment_5.mid,116,70,jazz
repetition3,10,repetition3_track10_drummer7-session2-96_pop_142_beat_4-4_best_2bar_segment_24_original.mid,repetition3_track10_drummer7-session2-96_pop_142_beat_4-4_best_2bar_segment_24_dualised.mid,338,validation\drummer7-session2-96_pop_142_beat_4-4_best_2bar_segment_24.mid,142,6,pop
repetition3,11,repetition3_track11_drummer5-eval_session-5_funk-groove5_84_beat_4-4_best_2bar_segment_6_original.mid,repetition3_track11_drummer5-eval_session-5_funk-groove5_84_beat_4-4_best_2bar_segment_6_dualised.mid,17,test\drummer5-eval_session-5_funk-groove5_84_beat_4-4_best_2bar_segment_6.mid,84,57,funk
repetition3,12,repetition3_track12_drummer1-session1-4_jazz-funk_116_beat_4-4_best_2bar_segment_5_original.mid,repetition3_track12_drummer1-session1-4_jazz-funk_116_beat_4-4_best_2bar_segment_5_dualised.mid,7,test\drummer1-session1-4_jazz-funk_116_beat_4-4_best_2bar_segment_5.mid,116,70,jazz
repetition3,13,repetition3_track13_drummer5-session2-9_neworleans-shuffle_104_beat_4-4_best_2bar_segment_5_original.mid,repetition3_track13_drummer5-session2-9_neworleans-shuffle_104_beat_4-4_best_2bar_segment_5_dualised.mid,178,train\drummer5-session2-9_neworleans-shuffle_104_beat_4-4_best_2bar_segment_5.mid,104,68,neworleans
repetition3,14,repetition3_track14_drummer1-session3-6_dance-disco_120_beat_4-4_best_2bar_segment_68_original.mid,repetition3_track14_drummer1-session3-6_dance-disco_120_beat_4-4_best_2bar_segment_68_dualised.mid,95,train\drummer1-session3-6_dance-disco_120_beat_4-4_best_2bar_segment_68.mid,120,14,dance
repetition3,15,repetition3_track15_drummer8-session2-24_latin_84_beat_4-4_best_2bar_segment_32_original.mid,repetition3_track15_drummer8-session2-24_latin_84_beat_4-4_best_2bar_segment_32_dualised.mid,267,train\drummer8-session2-24_latin_84_beat_4-4_best_2bar_segment_32.mid,84,80,latin
repetition3,16,repetition3_track16_drummer8-session2-13_afrobeat_103_beat_4-4_best_2bar_segment_20_original.mid,repetition3_track16_drummer8-session2-13_afrobeat_103_beat_4-4_best_2bar_segment_20_dualised.mid,260,train\drummer8-session2-13_afrobeat_103_beat_4-4_best_2bar_segment_20.mid,103,34,afrobeat
repetition3,17,repetition3_track17_drummer1-session1-38_latin-samba_116_beat_4-4_best_2bar_segment_25_original.mid,repetition3_track17_drummer1-session1-38_latin-samba_116_beat_4-4_best_2bar_segment_25_dualised.mid,314,validation\drummer1-session1-38_latin-samba_116_beat_4-4_best_2bar_segment_25.mid,116,66,latin
repetition3,18,repetition3_track18_drummer5-session2-9_neworleans-shuffle_104_beat_4-4_best_2bar_segment_5_original.mid,repetition3_track18_drummer5-session2-9_neworleans-shuffle_104_beat_4-4_best_2bar_segment_5_dualised.mid,178,train\drummer5-session2-9_neworleans-shuffle_104_beat_4-4_best_2bar_segment_5.mid,104,68,neworleans
repetition3,19,repetition3_track19_drummer5-session2-3_latin-brazilian_101_beat_4-4_best_2bar_segment_25_original.mid,repetition3_track19_drummer5-session2-3_latin-brazilian_101_beat_4-4_best_2bar_segment_25_dualised.mid,174,train\drummer5-session2-3_latin-brazilian_101_beat_4-4_best_2bar_segment_25.mid,101,75,latin
repetition3,20,repetition3_track20_drummer1-session1-202_rock-halftime_140_beat_4-4_best_2bar_segment_10_original.mid,repetition3_track20_drummer1-session1-202_rock-halftime_140_beat_4-4_best_2bar_segment_10_dualised.mid,59,train\drummer1-session1-202_rock-halftime_140_beat_4-4_best_2bar_segment_10.mid,140,5,rock
repetition3,21,repetition3_track21_drummer7-session3-131_soul_105_beat_4-4_best_2bar_segment_9_original.mid,repetition3_track21_drummer7-session3-131_soul_105_beat_4-4_best_2bar_segment_9_dualised.mid,226,train\drummer7-session3-131_soul_105_beat_4-4_best_2bar_segment_9.mid,105,45,soul
repetition3,22,repetition3_track22_drummer5-session2-3_latin-brazilian_101_beat_4-4_best_2bar_segment_25_original.mid,repetition3_track22_drummer5-session2-3_latin-brazilian_101_beat_4-4_best_2bar_segment_25_dualised.mid,174,train\drummer5-session2-3_latin-brazilian_101_beat_4-4_best_2bar_segment_25.mid,101,75,latin
repetition3,23,repetition3_track23_drummer7-session2-1_rock_120_beat_4-4_best_2bar_segment_0_original.mid,repetition3_track23_drummer7-session2-1_rock_120_beat_4-4_best_2bar_segment_0_dualised.mid,203,train\drummer7-session2-1_rock_120_beat_4-4_best_2bar_segment_0.mid,120,40,rock
repetition3,24,repetition3_track24_drummer7-session1-15_jazz_112_beat_4-4_best_2bar_segment_25_original.mid,repetition3_track24_drummer7-session1-15_jazz_112_beat_4-4_best_2bar_segment_25_dualised.mid,188,train\drummer7-session1-15_jazz_112_beat_4-4_best_2bar_segment_25.mid,112,7,jazz
repetition3,25,repetition3_track25_drummer7-session1-15_jazz_112_beat_4-4_best_2bar_segment_25_original.mid,repetition3_track25_drummer7-session1-15_jazz_112_beat_4-4_best_2bar_segment_25_dualised.mid,188,train\drummer7-session1-15_jazz_112_beat_4-4_best_2bar_segment_25.mid,112,7,jazz
repetition3,26,repetition3_track26_drummer8-session2-24_latin_84_beat_4-4_best_2bar_segment_32_original.mid,repetition3_track26_drummer8-session2-24_latin_84_beat_4-4_best_2bar_segment_32_dualised.mid,267,train\drummer8-session2-24_latin_84_beat_4-4_best_2bar_segment_32.mid,84,80,latin
repetition3,27,repetition3_track27_drummer7-session2-1_rock_120_beat_4-4_best_2bar_segment_0_original.mid,repetition3_track27_drummer7-session2-1_rock_120_beat_4-4_best_2bar_segment_0_dualised.mid,203,train\drummer7-session2-1_rock_120_beat_4-4_best_2bar_segment_0.mid,120,40,rock
repetition3,28,repetition3_track28_drummer7-session2-92_hiphop_75_beat_4-4_best_2bar_segment_0_original.mid,repetition3_track28_drummer7-session2-92_hiphop_75_beat_4-4_best_2bar_segment_0_dualised.mid,217,train\drummer7-session2-92_hiphop_75_beat_4-4_best_2bar_segment_0.mid,75,36,hiphop
repetition3,29,repetition3_track29_drummer5-eval_session-5_funk-groove5_84_beat_4-4_best_2bar_segment_6_original.mid,repetition3_track29_drummer5-eval_session-5_funk-groove5_84_beat_4-4_best_2bar_segment_6_dualised.mid,17,test\drummer5-eval_session-5_funk-groove5_84_beat_4-4_best_2bar_segment_6.mid,84,57,funk
repetition3,30,repetition3_track30_drummer1-session1-4_jazz-funk_116_beat_4-4_best_2bar_segment_5_original.mid,repetition3_track30_drummer1-session1-4_jazz-funk_116_beat_4-4_best_2bar_segment_5_dualised.mid,7,test\drummer1-session1-4_jazz-funk_116_beat_4-4_best_2bar_segment_5.mid,116,70,jazz
repetition3,31,repetition3_track31_drummer7-session3-131_soul_105_beat_4-4_best_2bar_segment_9_original.mid,repetition3_track31_drummer7-session3-131_soul_105_beat_4-4_best_2bar_segment_9_dualised.mid,226,train\drummer7-session3-131_soul_105_beat_4-4_best_2bar_segment_9.mid,105,45,soul
repetition3,32,repetition3_track32_drummer7-session1-22_hiphop_100_beat_4-4_best_2bar_segment_2_original.mid,repetition3_track32_drummer7-session1-22_hiphop_100_beat_4-4_best_2bar_segment_2_dualised.mid,192,train\drummer7-session1-22_hiphop_100_beat_4-4_best_2bar_segment_2.mid,100,32,hiphop
repetition3,33,repetition3_track33_drummer7-session1-38_hiphop_100_beat_4-4_best_2bar_segment_1_original.mid,repetition3_track33_drummer7-session1-38_hiphop_100_beat_4-4_best_2bar_segment_1_dualised.mid,193,train\drummer7-session1-38_hiphop_100_beat_4-4_best_2bar_segment_1.mid,100,108,hiphop
repetition3,34,repetition3_track34_drummer7-session1-8_rock_93_beat_4-4_best_2bar_segment_5_original.mid,repetition3_track34_drummer7-session1-8_rock_93_beat_4-4_best_2bar_segment_5_dualised.mid,197,train\drummer7-session1-8_rock_93_beat_4-4_best_2bar_segment_5.mid,93,0,rock
repetition3,35,repetition3_track35_drummer5-session2-9_neworleans-shuffle_104_beat_4-4_best_2bar_segment_5_original.mid,repetition3_track35_drummer5-session2-9_neworleans-shuffle_104_beat_4-4_best_2bar_segment_5_dualised.mid,178,train\drummer5-session2-9_neworleans-shuffle_104_beat_4-4_best_2bar_segment_5.mid,104,68,neworleans
repetition3,36,repetition3_track36_drummer10-session1-9_jazz-swing_110_beat_4-4_best_2bar_segment_15_original.mid,repetition3_track36_drummer10-session1-9_jazz-swing_110_beat_4-4_best_2bar_segment_15_dualised.mid,107,train\drummer10-session1-9_jazz-swing_110_beat_4-4_best_2bar_segment_15.mid,110,36,jazz
repetition3,37,repetition3_track37_drummer7-session1-15_jazz_112_beat_4-4_best_2bar_segment_25_original.mid,repetition3_track37_drummer7-session1-15_jazz_112_beat_4-4_best_2bar_segment_25_dualised.mid,188,train\drummer7-session1-15_jazz_112_beat_4-4_best_2bar_segment_25.mid,112,7,jazz
repetition3,38,repetition3_track38_drummer1-eval_session-4_soul-groove4_80_beat_4-4_best_2bar_segment_6_original.mid,repetition3_track38_drummer1-eval_session-4_soul-groove4_80_beat_4-4_best_2bar_segment_6_dualised.mid,4,test\drummer1-eval_session-4_soul-groove4_80_beat_4-4_best_2bar_segment_6.mid,80,0,soul
repetition3,39,repetition3_track39_drummer7-session1-22_hiphop_100_beat_4-4_best_2bar_segment_2_original.mid,repetition3_track39_drummer7-session1-22_hiphop_100_beat_4-4_best_2bar_segment_2_dualised.mid,192,train\drummer7-session1-22_hiphop_100_beat_4-4_best_2bar_segment_2.mid,100,32,hiphop
repetition3,40,repetition3_track40_drummer1-eval_session-4_soul-groove4_80_beat_4-4_best_2bar_segment_6_original.mid,repetition3_track40_drummer1-eval_session-4_soul-groove4_80_beat_4-4_best_2bar_segment_6_dualised.mid,4,test\drummer1-eval_session-4_soul-groove4_80_beat_4-4_best_2bar_segment_6.mid,80,0,soul
repetition3,41,repetition3_track41_drummer7-eval_session-5_funk-groove5_84_beat_4-4_best_2bar_segment_9_original.mid,repetition3_track41_drummer7-eval_session-5_funk-groove5_84_beat_4-4_best_2bar_segment_9_dualised.mid,27,test\drummer7-eval_session-5_funk-groove5_84_beat_4-4_best_2bar_segment_9.mid,84,39,funk
repetition3,42,repetition3_track42_drummer7-session2-92_hiphop_75_beat_4-4_best_2bar_segment_0_original.mid,repetition3_track42_drummer7-session2-92_hiphop_75_beat_4-4_best_2bar_segment_0_dualised.mid,217,train\drummer7-session2-92_hiphop_75_beat_4-4_best_2bar_segment_0.mid,75,36,hiphop
repetition3,43,repetition3_track43_drummer1-session3-6_dance-disco_120_beat_4-4_best_2bar_segment_68_original.mid,repetition3_track43_drummer1-session3-6_dance-disco_120_beat_4-4_best_2bar_segment_68_dualised.mid,95,train\drummer1-session3-6_dance-disco_120_beat_4-4_best_2bar_segment_68.mid,120,14,dance
repetition3,44,repetition3_track44_drummer1-session2-32_punk_140_beat_4-4_best_2bar_segment_16_original.mid,repetition3_track44_drummer1-session2-32_punk_140_beat_4-4_best_2bar_segment_16_dualised.mid,79,train\drummer1-session2-32_punk_140_beat_4-4_best_2bar_segment_16.mid,140,30,punk
repetition3,45,repetition3_track45_drummer8-session2-13_afrobeat_103_beat_4-4_best_2bar_segment_20_original.mid,repetition3_track45_drummer8-session2-13_afrobeat_103_beat_4-4_best_2bar_segment_20_dualised.mid,260,train\drummer8-session2-13_afrobeat_103_beat_4-4_best_2bar_segment_20.mid,103,34,afrobeat
repetition3,46,repetition3_track46_drummer1-session2-32_punk_140_beat_4-4_best_2bar_segment_16_original.mid,repetition3_track46_drummer1-session2-32_punk_140_beat_4-4_best_2bar_segment_16_dualised.mid,79,train\drummer1-session2-32_punk_140_beat_4-4_best_2bar_segment_16.mid,140,30,punk
repetition3,47,repetition3_track47_drummer10-session1-9_jazz-swing_110_beat_4-4_best_2bar_segment_15_original.mid,repetition3_track47_drummer10-session1-9_jazz-swing_110_beat_4-4_best_2bar_segment_15_dualised.mid,107,train\drummer10-session1-9_jazz-swing_110_beat_4-4_best_2bar_segment_15.mid,110,36,jazz
repetition3,48,repetition3_track48_drummer5-session1-3_latin-brazilian-samba_89_beat_4-4_best_2bar_segment_15_original.mid,repetition3_track48_drummer5-session1-3_latin-brazilian-samba_89_beat_4-4_best_2bar_segment_15_dualised.mid,159,train\drummer5-session1-3_latin-brazilian-samba_89_beat_4-4_best_2bar_segment_15.mid,89,54,latin
repetition3,49,repetition3_track49_drummer1-eval_session-4_soul-groove4_80_beat_4-4_best_2bar_segment_6_original.mid,repetition3_track49_drummer1-eval_session-4_soul-groove4_80_beat_4-4_best_2bar_segment_6_dualised.mid,4,test\drummer1-eval_session-4_soul-groove4_80_beat_4-4_best_2bar_segment_6.mid,80,0,soul
repetition3,50,repetition3_track50_drummer7-eval_session-5_funk-groove5_84_beat_4-4_best_2bar_segment_9_original.mid,repetition3_track50_drummer7-eval_session-5_funk-groove5_84_beat_4-4_best_2bar_segment_9_dualised.mid,27,test\drummer7-eval_session-5_funk-groove5_84_beat_4-4_best_2bar_segment_9.mid,84,39,funk
repetition3,51,repetition3_track51_drummer5-session1-18_afrocuban_128_beat_4-4_best_2bar_segment_61_original.mid,repetition3_track51_drummer5-session1-18_afrocuban_128_beat_4-4_best_2bar_segment_61_dualised.mid,155,train\drummer5-session1-18_afrocuban_128_beat_4-4_best_2bar_segment_61.mid,128,46,afrocuban
repetition3,52,repetition3_track52_drummer7-eval_session-5_funk-groove5_84_beat_4-4_best_2bar_segment_9_original.mid,repetition3_track52_drummer7-eval_session-5_funk-groove5_84_beat_4-4_best_2bar_segment_9_dualised.mid,27,test\drummer7-eval_session-5_funk-groove5_84_beat_4-4_best_2bar_segment_9.mid,84,39,funk
repetition3,53,repetition3_track53_drummer5-session1-18_afrocuban_128_beat_4-4_best_2bar_segment_61_original.mid,repetition3_track53_drummer5-session1-18_afrocuban_128_beat_4-4_best_2bar_segment_61_dualised.mid,155,train\drummer5-session1-18_afrocuban_128_beat_4-4_best_2bar_segment_61.mid,128,46,afrocuban
repetition3,54,repetition3_track54_drummer8-session2-13_afrobeat_103_beat_4-4_best_2bar_segment_20_original.mid,repetition3_track54_drummer8-session2-13_afrobeat_103_beat_4-4_best_2bar_segment_20_dualised.mid,260,train\drummer8-session2-13_afrobeat_103_beat_4-4_best_2bar_segment_20.mid,103,34,afrobeat
repetition3,55,repetition3_track55_drummer7-session2-1_rock_120_beat_4-4_best_2bar_segment_0_original.mid,repetition3_track55_drummer7-session2-1_rock_120_beat_4-4_best_2bar_segment_0_dualised.mid,203,train\drummer7-session2-1_rock_120_beat_4-4_best_2bar_segment_0.mid,120,40,rock
repetition3,56,repetition3_track56_drummer5-session1-3_latin-brazilian-samba_89_beat_4-4_best_2bar_segment_15_original.mid,repetition3_track56_drummer5-session1-3_latin-brazilian-samba_89_beat_4-4_best_2bar_segment_15_dualised.mid,159,train\drummer5-session1-3_latin-brazilian-samba_89_beat_4-4_best_2bar_segment_15.mid,89,54,latin
repetition3,57,repetition3_track57_drummer5-eval_session-5_funk-groove5_84_beat_4-4_best_2bar_segment_6_original.mid,repetition3_track57_drummer5-eval_session-5_funk-groove5_84_beat_4-4_best_2bar_segment_6_dualised.mid,17,test\drummer5-eval_session-5_funk-groove5_84_beat_4-4_best_2bar_segment_6.mid,84,57,funk
repetition3,58,repetition3_track58_drummer1-session2-32_punk_140_beat_4-4_best_2bar_segment_16_original.mid,repetition3_track58_drummer1-session2-32_punk_140_beat_4-4_best_2bar_segment_16_dualised.mid,79,train\drummer1-session2-32_punk_140_beat_4-4_best_2bar_segment_16.mid,140,30,punk
repetition3,59,repetition3_track59_drummer8-session2-24_latin_84_beat_4-4_best_2bar_segment_32_original.mid,repetition3_track59_drummer8-session2-24_latin_84_beat_4-4_best_2bar_segment_32_dualised.mid,267,train\drummer8-session2-24_latin_84_beat_4-4_best_2bar_segment_32.mid,84,80,latin
repetition3,60,repetition3_track60_drummer10-session1-9_jazz-swing_110_beat_4-4_best_2bar_segment_15_original.mid,repetition3_track60_drummer10-session1-9_jazz-swing_110_beat_4-4_best_2bar_segment_15_dualised.mid,107,train\drummer10-session1-9_jazz-swing_110_beat_4-4_best_2bar_segment_15.mid,110,36,jazz
repetition3,61,repetition3_track61_drummer5-session1-18_afrocuban_128_beat_4-4_best_2bar_segment_61_original.mid,repetition3_track61_drummer5-session1-18_afrocuban_128_beat_4-4_best_2bar_segment_61_dualised.mid,155,train\drummer5-session1-18_afrocuban_128_beat_4-4_best_2bar_segment_61.mid,128,46,afrocuban
repetition3,62,repetition3_track62_drummer1-session1-184_reggae_78_beat_4-4_best_2bar_segment_8_original.mid,repetition3_track62_drummer1-session1-184_reggae_78_beat_4-4_best_2bar_segment_8_dualised.mid,57,train\drummer1-session1-184_reggae_78_beat_4-4_best_2bar_segment_8.mid,78,0,reggae
repetition3,63,repetition3_track63_drummer1-session1-38_latin-samba_116_beat_4-4_best_2bar_segment_25_original.mid,repetition3_track63_drummer1-session1-38_latin-samba_116_beat_4-4_best_2bar_segment_25_dualised.mid,314,validation\drummer1-session1-38_latin-samba_116_beat_4-4_best_2bar_segment_25.mid,116,66,latin
repetition3,64,repetition3_track64_drummer7-session1-8_rock_93_beat_4-4_best_2bar_segment_5_original.mid,repetition3_track64_drummer7-session1-8_rock_93_beat_4-4_best_2bar_segment_5_dualised.mid,197,train\drummer7-session1-8_rock_93_beat_4-4_best_2bar_segment_5.mid,93,0,rock
repetition3,65,repetition3_track65_drummer7-session1-8_rock_93_beat_4-4_best_2bar_segment_5_original.mid,repetition3_track65_drummer7-session1-8_rock_93_beat_4-4_best_2bar_segment_5_dualised.mid,197,train\drummer7-session1-8_rock_93_beat_4-4_best_2bar_segment_5.mid,93,0,rock
repetition3,66,repetition3_track66_drummer1-session1-202_rock-halftime_140_beat_4-4_best_2bar_segment_10_original.mid,repetition3_track66_drummer1-session1-202_rock-halftime_140_beat_4-4_best_2bar_segment_10_dualised.mid,59,train\drummer1-session1-202_rock-halftime_140_beat_4-4_best_2bar_segment_10.mid,140,5,rock
repetition3,67,repetition3_track67_drummer7-session2-96_pop_142_beat_4-4_best_2bar_segment_24_original.mid,repetition3_track67_drummer7-session2-96_pop_142_beat_4-4_best_2bar_segment_24_dualised.mid,338,validation\drummer7-session2-96_pop_142_beat_4-4_best_2bar_segment_24.mid,142,6,pop
repetition3,68,repetition3_track68_drummer1-session1-38_latin-samba_116_beat_4-4_best_2bar_segment_25_original.mid,repetition3_track68_drummer1-session1-38_latin-samba_116_beat_4-4_best_2bar_segment_25_dualised.mid,314,validation\drummer1-session1-38_latin-samba_116_beat_4-4_best_2bar_segment_25.mid,116,66,latin
repetition3,69,repetition3_track69_drummer1-session1-184_reggae_78_beat_4-4_best_2bar_segment_8_original.mid,repetition3_track69_drummer1-session1-184_reggae_78_beat_4-4_best_2bar_segment_8_dualised.mid,57,train\drummer1-session1-184_reggae_78_beat_4-4_best_2bar_segment_8.mid,78,0,reggae
repetition3,70,repetition3_track70_drummer7-session2-96_pop_142_beat_4-4_best_2bar_segment_24_original.mid,repetition3_track70_drummer7-session2-96_pop_142_beat_4-4_best_2bar_segment_24_dualised.mid,338,validation\drummer7-session2-96_pop_142_beat_4-4_best_2bar_segment_24.mid,142,6,pop
repetition3,71,repetition3_track71_drummer7-session2-92_hiphop_75_beat_4-4_best_2bar_segment_0_original.mid,repetition3_track71_drummer7-session2-92_hiphop_75_beat_4-4_best_2bar_segment_0_dualised.mid,217,train\drummer7-session2-92_hiphop_75_beat_4-4_best_2bar_segment_0.mid,75,36,hiphop
