session,track,grooVAE_name,dualised_name,index,original_file_location,bpm,Syncopation,style
B1,0,B1_track00_drummer3-session1-4_rock_105_beat_4-4_best_2bar_segment_4_original.mid,B1_track00_drummer3-session1-4_rock_105_beat_4-4_best_2bar_segment_4_dualised.mid,123,train\drummer3-session1-4_rock_105_beat_4-4_best_2bar_segment_4.mid,105,19,rock
B1,1,B1_track01_drummer1-session2-142_gospel_120_beat_4-4_best_2bar_segment_17_original.mid,B1_track01_drummer1-session2-142_gospel_120_beat_4-4_best_2bar_segment_17_dualised.mid,315,validation\drummer1-session2-142_gospel_120_beat_4-4_best_2bar_segment_17.mid,120,15,gospel
B1,2,B1_track02_drummer8-session1-26_afrobeat_94_beat_4-4_best_2bar_segment_5_original.mid,B1_track02_drummer8-session1-26_afrobeat_94_beat_4-4_best_2bar_segment_5_dualised.mid,252,train\drummer8-session1-26_afrobeat_94_beat_4-4_best_2bar_segment_5.mid,94,78,afrobeat
B1,3,B1_track03_drummer1-session1-75_jazz_125_beat_4-4_best_2bar_segment_2_original.mid,B1_track03_drummer1-session1-75_jazz_125_beat_4-4_best_2bar_segment_2_dualised.mid,66,train\drummer1-session1-75_jazz_125_beat_4-4_best_2bar_segment_2.mid,125,20,jazz
B1,4,B1_track04_drummer1-session3-18_rock_128_beat_4-4_best_2bar_segment_5_original.mid,B1_track04_drummer1-session3-18_rock_128_beat_4-4_best_2bar_segment_5_dualised.mid,89,train\drummer1-session3-18_rock_128_beat_4-4_best_2bar_segment_5.mid,128,19,rock
B1,5,B1_track05_drummer8-session2-29_latin-bounce_106_beat_4-4_best_2bar_segment_30_original.mid,B1_track05_drummer8-session2-29_latin-bounce_106_beat_4-4_best_2bar_segment_30_dualised.mid,272,train\drummer8-session2-29_latin-bounce_106_beat_4-4_best_2bar_segment_30.mid,106,37,latin
B1,6,B1_track06_drummer4-session1-1_rock_87_beat_4-4_best_2bar_segment_7_original.mid,B1_track06_drummer4-session1-1_rock_87_beat_4-4_best_2bar_segment_7_dualised.mid,144,train\drummer4-session1-1_rock_87_beat_4-4_best_2bar_segment_7.mid,87,37,rock
B1,7,B1_track07_drummer7-session3-150_soul_105_beat_4-4_best_2bar_segment_9_original.mid,B1_track07_drummer7-session3-150_soul_105_beat_4-4_best_2bar_segment_9_dualised.mid,227,train\drummer7-session3-150_soul_105_beat_4-4_best_2bar_segment_9.mid,105,27,soul
B1,8,B1_track08_drummer8-session2-20_neworleans-funk_90_beat_4-4_best_2bar_segment_18_original.mid,B1_track08_drummer8-session2-20_neworleans-funk_90_beat_4-4_best_2bar_segment_18_dualised.mid,265,train\drummer8-session2-20_neworleans-funk_90_beat_4-4_best_2bar_segment_18.mid,90,47,neworleans
B1,9,B1_track09_drummer3-session2-26_hiphop_92_beat_4-4_best_2bar_segment_5_original.mid,B1_track09_drummer3-session2-26_hiphop_92_beat_4-4_best_2bar_segment_5_dualised.mid,134,train\drummer3-session2-26_hiphop_92_beat_4-4_best_2bar_segment_5.mid,92,19,hiphop
B1,10,B1_track10_drummer3-session1-7_rock_105_beat_4-4_best_2bar_segment_0_original.mid,B1_track10_drummer3-session1-7_rock_105_beat_4-4_best_2bar_segment_0_dualised.mid,320,validation\drummer3-session1-7_rock_105_beat_4-4_best_2bar_segment_0.mid,105,8,rock
B1,11,B1_track11_drummer7-session2-37_rock_112_beat_4-4_best_2bar_segment_0_original.mid,B1_track11_drummer7-session2-37_rock_112_beat_4-4_best_2bar_segment_0_dualised.mid,207,train\drummer7-session2-37_rock_112_beat_4-4_best_2bar_segment_0.mid,112,26,rock
B1,12,B1_track12_drummer3-session2-16_rock_100_beat_4-4_best_2bar_segment_3_original.mid,B1_track12_drummer3-session2-16_rock_100_beat_4-4_best_2bar_segment_3_dualised.mid,128,train\drummer3-session2-16_rock_100_beat_4-4_best_2bar_segment_3.mid,100,15,rock
B1,13,B1_track13_drummer8-session2-32_rock_117_beat_4-4_best_2bar_segment_75_original.mid,B1_track13_drummer8-session2-32_rock_117_beat_4-4_best_2bar_segment_75_dualised.mid,276,train\drummer8-session2-32_rock_117_beat_4-4_best_2bar_segment_75.mid,117,9,rock
B1,14,B1_track14_drummer5-session1-16_rock_136_beat_4-4_best_2bar_segment_29_original.mid,B1_track14_drummer5-session1-16_rock_136_beat_4-4_best_2bar_segment_29_dualised.mid,153,train\drummer5-session1-16_rock_136_beat_4-4_best_2bar_segment_29.mid,136,26,rock
B1,15,B1_track15_drummer7-session2-64_rock_145_beat_4-4_best_2bar_segment_0_original.mid,B1_track15_drummer7-session2-64_rock_145_beat_4-4_best_2bar_segment_0_dualised.mid,210,train\drummer7-session2-64_rock_145_beat_4-4_best_2bar_segment_0.mid,145,25,rock
B1,16,B1_track16_drummer3-session1-19_jazz_120_beat_4-4_best_2bar_segment_1_original.mid,B1_track16_drummer3-session1-19_jazz_120_beat_4-4_best_2bar_segment_1_dualised.mid,118,train\drummer3-session1-19_jazz_120_beat_4-4_best_2bar_segment_1.mid,120,0,jazz
B1,17,B1_track17_drummer9-session1-23_rock_120_beat_4-4_best_2bar_segment_8_original.mid,B1_track17_drummer9-session1-23_rock_120_beat_4-4_best_2bar_segment_8_dualised.mid,301,train\drummer9-session1-23_rock_120_beat_4-4_best_2bar_segment_8.mid,120,39,rock
B1,18,B1_track18_drummer1-session2-161_afrocuban-rhumba_110_beat_4-4_best_2bar_segment_35_original.mid,B1_track18_drummer1-session2-161_afrocuban-rhumba_110_beat_4-4_best_2bar_segment_35_dualised.mid,75,train\drummer1-session2-161_afrocuban-rhumba_110_beat_4-4_best_2bar_segment_35.mid,110,40,afrocuban
B1,19,B1_track19_drummer1-session3-17_afrocuban-calypso_108_beat_4-4_best_2bar_segment_14_original.mid,B1_track19_drummer1-session3-17_afrocuban-calypso_108_beat_4-4_best_2bar_segment_14_dualised.mid,88,train\drummer1-session3-17_afrocuban-calypso_108_beat_4-4_best_2bar_segment_14.mid,108,37,afrocuban
B1,20,B1_track20_drummer8-session2-42_highlife_126_beat_4-4_best_2bar_segment_14_original.mid,B1_track20_drummer8-session2-42_highlife_126_beat_4-4_best_2bar_segment_14_dualised.mid,284,train\drummer8-session2-42_highlife_126_beat_4-4_best_2bar_segment_14.mid,126,58,highlife
B1,21,B1_track21_drummer8-session2-38_rock_112_beat_4-4_best_2bar_segment_4_original.mid,B1_track21_drummer8-session2-38_rock_112_beat_4-4_best_2bar_segment_4_dualised.mid,281,train\drummer8-session2-38_rock_112_beat_4-4_best_2bar_segment_4.mid,112,16,rock
B1,22,B1_track22_drummer10-session1-4_jazz-swing_215_beat_4-4_best_2bar_segment_5_original.mid,B1_track22_drummer10-session1-4_jazz-swing_215_beat_4-4_best_2bar_segment_5_dualised.mid,103,train\drummer10-session1-4_jazz-swing_215_beat_4-4_best_2bar_segment_5.mid,215,15,jazz
B1,23,B1_track23_drummer7-session3-120_rock_93_beat_4-4_best_2bar_segment_4_original.mid,B1_track23_drummer7-session3-120_rock_93_beat_4-4_best_2bar_segment_4_dualised.mid,223,train\drummer7-session3-120_rock_93_beat_4-4_best_2bar_segment_4.mid,93,19,rock
B1,24,B1_track24_drummer7-session2-100_pop_142_beat_4-4_best_2bar_segment_8_original.mid,B1_track24_drummer7-session2-100_pop_142_beat_4-4_best_2bar_segment_8_dualised.mid,332,validation\drummer7-session2-100_pop_142_beat_4-4_best_2bar_segment_8.mid,142,24,pop
B1,25,B1_track25_drummer1-session2-10_country_114_beat_4-4_best_2bar_segment_58_original.mid,B1_track25_drummer1-session2-10_country_114_beat_4-4_best_2bar_segment_58_dualised.mid,73,train\drummer1-session2-10_country_114_beat_4-4_best_2bar_segment_58.mid,114,72,country
B1,26,B1_track26_drummer10-session1-3_jazz-swing_215_beat_4-4_best_2bar_segment_12_original.mid,B1_track26_drummer10-session1-3_jazz-swing_215_beat_4-4_best_2bar_segment_12_dualised.mid,102,train\drummer10-session1-3_jazz-swing_215_beat_4-4_best_2bar_segment_12.mid,215,0,jazz
B1,27,B1_track27_drummer1-session1-1_funk_80_beat_4-4_best_2bar_segment_6_original.mid,B1_track27_drummer1-session1-1_funk_80_beat_4-4_best_2bar_segment_6_dualised.mid,58,train\drummer1-session1-1_funk_80_beat_4-4_best_2bar_segment_6.mid,80,53,funk
B1,28,B1_track28_drummer8-session1-18_funk_108_beat_4-4_best_2bar_segment_28_original.mid,B1_track28_drummer8-session1-18_funk_108_beat_4-4_best_2bar_segment_28_dualised.mid,340,validation\drummer8-session1-18_funk_108_beat_4-4_best_2bar_segment_28.mid,108,50,funk
B1,29,B1_track29_drummer3-session1-32_jazz_120_beat_4-4_best_2bar_segment_1_original.mid,B1_track29_drummer3-session1-32_jazz_120_beat_4-4_best_2bar_segment_1_dualised.mid,11,test\drummer3-session1-32_jazz_120_beat_4-4_best_2bar_segment_1.mid,120,0,jazz
B1,30,B1_track30_drummer9-session1-7_rock_100_beat_4-4_best_2bar_segment_0_original.mid,B1_track30_drummer9-session1-7_rock_100_beat_4-4_best_2bar_segment_0_dualised.mid,53,test\drummer9-session1-7_rock_100_beat_4-4_best_2bar_segment_0.mid,100,33,rock
B1,31,B1_track31_drummer4-session1-6_blues-shuffle_134_beat_4-4_best_2bar_segment_2_original.mid,B1_track31_drummer4-session1-6_blues-shuffle_134_beat_4-4_best_2bar_segment_2_dualised.mid,146,train\drummer4-session1-6_blues-shuffle_134_beat_4-4_best_2bar_segment_2.mid,134,32,blues
B1,32,B1_track32_drummer1-session2-35_punk_128_beat_4-4_best_2bar_segment_30_original.mid,B1_track32_drummer1-session2-35_punk_128_beat_4-4_best_2bar_segment_30_dualised.mid,9,test\drummer1-session2-35_punk_128_beat_4-4_best_2bar_segment_30.mid,128,43,punk
B1,33,B1_track33_drummer1-session3-1_rock-prog_125_beat_4-4_best_2bar_segment_88_original.mid,B1_track33_drummer1-session3-1_rock-prog_125_beat_4-4_best_2bar_segment_88_dualised.mid,90,train\drummer1-session3-1_rock-prog_125_beat_4-4_best_2bar_segment_88.mid,125,43,rock
B1,34,B1_track34_drummer10-session1-2_jazz-swing_215_beat_4-4_best_2bar_segment_30_original.mid,B1_track34_drummer10-session1-2_jazz-swing_215_beat_4-4_best_2bar_segment_30_dualised.mid,101,train\drummer10-session1-2_jazz-swing_215_beat_4-4_best_2bar_segment_30.mid,215,17,jazz
B1,35,B1_track35_drummer3-session2-31_hiphop_92_beat_4-4_best_2bar_segment_0_original.mid,B1_track35_drummer3-session2-31_hiphop_92_beat_4-4_best_2bar_segment_0_dualised.mid,139,train\drummer3-session2-31_hiphop_92_beat_4-4_best_2bar_segment_0.mid,92,6,hiphop
B1,36,B1_track36_drummer10-session1-5_jazz-swing_215_beat_4-4_best_2bar_segment_22_original.mid,B1_track36_drummer10-session1-5_jazz-swing_215_beat_4-4_best_2bar_segment_22_dualised.mid,104,train\drummer10-session1-5_jazz-swing_215_beat_4-4_best_2bar_segment_22.mid,215,18,jazz
B1,37,B1_track37_drummer3-session2-3_rock_100_beat_4-4_best_2bar_segment_1_original.mid,B1_track37_drummer3-session2-3_rock_100_beat_4-4_best_2bar_segment_1_dualised.mid,141,train\drummer3-session2-3_rock_100_beat_4-4_best_2bar_segment_1.mid,100,0,rock
B1,38,B1_track38_drummer1-session2-180_rock_50_beat_4-4_best_2bar_segment_8_original.mid,B1_track38_drummer1-session2-180_rock_50_beat_4-4_best_2bar_segment_8_dualised.mid,76,train\drummer1-session2-180_rock_50_beat_4-4_best_2bar_segment_8.mid,50,0,rock
B1,39,B1_track39_drummer7-session3-39_rock-indie_63_beat_4-4_best_2bar_segment_16_original.mid,B1_track39_drummer7-session3-39_rock-indie_63_beat_4-4_best_2bar_segment_16_dualised.mid,231,train\drummer7-session3-39_rock-indie_63_beat_4-4_best_2bar_segment_16.mid,63,42,rock
B1,40,B1_track40_drummer8-session1-10_neworleans-funk_82_beat_4-4_best_2bar_segment_4_original.mid,B1_track40_drummer8-session1-10_neworleans-funk_82_beat_4-4_best_2bar_segment_4_dualised.mid,240,train\drummer8-session1-10_neworleans-funk_82_beat_4-4_best_2bar_segment_4.mid,82,52,neworleans
B1,41,B1_track41_drummer9-session1-15_rock_120_beat_4-4_best_2bar_segment_1_original.mid,B1_track41_drummer9-session1-15_rock_120_beat_4-4_best_2bar_segment_1_dualised.mid,294,train\drummer9-session1-15_rock_120_beat_4-4_best_2bar_segment_1.mid,120,40,rock
B1,42,B1_track42_drummer7-session2-97_pop_142_beat_4-4_best_2bar_segment_3_original.mid,B1_track42_drummer7-session2-97_pop_142_beat_4-4_best_2bar_segment_3_dualised.mid,218,train\drummer7-session2-97_pop_142_beat_4-4_best_2bar_segment_3.mid,142,0,pop
B1,43,B1_track43_drummer9-session1-14_rock_120_beat_4-4_best_2bar_segment_2_original.mid,B1_track43_drummer9-session1-14_rock_120_beat_4-4_best_2bar_segment_2_dualised.mid,293,train\drummer9-session1-14_rock_120_beat_4-4_best_2bar_segment_2.mid,120,25,rock
B1,44,B1_track44_drummer7-session2-113_jazz-fusion_96_beat_4-4_best_2bar_segment_8_original.mid,B1_track44_drummer7-session2-113_jazz-fusion_96_beat_4-4_best_2bar_segment_8_dualised.mid,333,validation\drummer7-session2-113_jazz-fusion_96_beat_4-4_best_2bar_segment_8.mid,96,26,jazz
B1,45,B1_track45_drummer8-session1-20_rock-shuffle_112_beat_4-4_best_2bar_segment_60_original.mid,B1_track45_drummer8-session1-20_rock-shuffle_112_beat_4-4_best_2bar_segment_60_dualised.mid,247,train\drummer8-session1-20_rock-shuffle_112_beat_4-4_best_2bar_segment_60.mid,112,31,rock
B1,46,B1_track46_drummer4-session1-9_latin-merengue_158_beat_4-4_best_2bar_segment_7_original.mid,B1_track46_drummer4-session1-9_latin-merengue_158_beat_4-4_best_2bar_segment_7_dualised.mid,148,train\drummer4-session1-9_latin-merengue_158_beat_4-4_best_2bar_segment_7.mid,158,24,latin
B1,47,B1_track47_drummer6-session3-7_rock_88_beat_4-4_best_2bar_segment_22_original.mid,B1_track47_drummer6-session3-7_rock_88_beat_4-4_best_2bar_segment_22_dualised.mid,185,train\drummer6-session3-7_rock_88_beat_4-4_best_2bar_segment_22.mid,88,36,rock
B1,48,B1_track48_drummer8-session2-40_rock-indie_104_beat_4-4_best_2bar_segment_12_original.mid,B1_track48_drummer8-session2-40_rock-indie_104_beat_4-4_best_2bar_segment_12_dualised.mid,50,test\drummer8-session2-40_rock-indie_104_beat_4-4_best_2bar_segment_12.mid,104,26,rock
B1,49,B1_track49_drummer8-session1-13_latin_118_beat_4-4_best_2bar_segment_27_original.mid,B1_track49_drummer8-session1-13_latin_118_beat_4-4_best_2bar_segment_27_dualised.mid,243,train\drummer8-session1-13_latin_118_beat_4-4_best_2bar_segment_27.mid,118,33,latin
B1,50,B1_track50_drummer7-session2-103_pop_132_beat_4-4_best_2bar_segment_0_original.mid,B1_track50_drummer7-session2-103_pop_132_beat_4-4_best_2bar_segment_0_dualised.mid,199,train\drummer7-session2-103_pop_132_beat_4-4_best_2bar_segment_0.mid,132,27,pop
B1,51,B1_track51_drummer7-session1-13_funk_102_beat_4-4_best_2bar_segment_6_original.mid,B1_track51_drummer7-session1-13_funk_102_beat_4-4_best_2bar_segment_6_dualised.mid,331,validation\drummer7-session1-13_funk_102_beat_4-4_best_2bar_segment_6.mid,102,68,funk
B1,52,B1_track52_drummer1-session3-13_rock_115_beat_4-4_best_2bar_segment_56_original.mid,B1_track52_drummer1-session3-13_rock_115_beat_4-4_best_2bar_segment_56_dualised.mid,318,validation\drummer1-session3-13_rock_115_beat_4-4_best_2bar_segment_56.mid,115,8,rock
B1,53,B1_track53_drummer1-session1-80_dance-breakbeat_170_beat_4-4_best_2bar_segment_4_original.mid,B1_track53_drummer1-session1-80_dance-breakbeat_170_beat_4-4_best_2bar_segment_4_dualised.mid,70,train\drummer1-session1-80_dance-breakbeat_170_beat_4-4_best_2bar_segment_4.mid,170,25,dance
B1,54,B1_track54_drummer7-session2-112_jazz-fusion_96_beat_4-4_best_2bar_segment_3_original.mid,B1_track54_drummer7-session2-112_jazz-fusion_96_beat_4-4_best_2bar_segment_3_dualised.mid,32,test\drummer7-session2-112_jazz-fusion_96_beat_4-4_best_2bar_segment_3.mid,96,26,jazz
B1,55,B1_track55_drummer5-session2-13_rock_140_beat_4-4_best_2bar_segment_9_original.mid,B1_track55_drummer5-session2-13_rock_140_beat_4-4_best_2bar_segment_9_dualised.mid,166,train\drummer5-session2-13_rock_140_beat_4-4_best_2bar_segment_9.mid,140,12,rock
B1,56,B1_track56_drummer7-session2-79_funk_100_beat_4-4_best_2bar_segment_3_original.mid,B1_track56_drummer7-session2-79_funk_100_beat_4-4_best_2bar_segment_3_dualised.mid,214,train\drummer7-session2-79_funk_100_beat_4-4_best_2bar_segment_3.mid,100,74,funk
B1,57,B1_track57_drummer2-session3-1_rock-shuffle_85_beat_4-4_best_2bar_segment_48_original.mid,B1_track57_drummer2-session3-1_rock-shuffle_85_beat_4-4_best_2bar_segment_48_dualised.mid,114,train\drummer2-session3-1_rock-shuffle_85_beat_4-4_best_2bar_segment_48.mid,85,89,rock
B1,58,B1_track58_drummer1-session3-8_rock_135_beat_4-4_best_2bar_segment_11_original.mid,B1_track58_drummer1-session3-8_rock_135_beat_4-4_best_2bar_segment_11_dualised.mid,97,train\drummer1-session3-8_rock_135_beat_4-4_best_2bar_segment_11.mid,135,11,rock
B1,59,B1_track59_drummer8-session2-30_afrobeat_98_beat_4-4_best_2bar_segment_11_original.mid,B1_track59_drummer8-session2-30_afrobeat_98_beat_4-4_best_2bar_segment_11_dualised.mid,274,train\drummer8-session2-30_afrobeat_98_beat_4-4_best_2bar_segment_11.mid,98,35,afrobeat
B1,60,B1_track60_drummer9-session1-13_rock_120_beat_4-4_best_2bar_segment_0_original.mid,B1_track60_drummer9-session1-13_rock_120_beat_4-4_best_2bar_segment_0_dualised.mid,292,train\drummer9-session1-13_rock_120_beat_4-4_best_2bar_segment_0.mid,120,23,rock
B1,61,B1_track61_drummer1-session2-90_funk-rock_92_beat_4-4_best_2bar_segment_37_original.mid,B1_track61_drummer1-session2-90_funk-rock_92_beat_4-4_best_2bar_segment_37_dualised.mid,84,train\drummer1-session2-90_funk-rock_92_beat_4-4_best_2bar_segment_37.mid,92,19,funk
B1,62,B1_track62_drummer8-session2-4_afrobeat_114_beat_4-4_best_2bar_segment_27_original.mid,B1_track62_drummer8-session2-4_afrobeat_114_beat_4-4_best_2bar_segment_27_dualised.mid,285,train\drummer8-session2-4_afrobeat_114_beat_4-4_best_2bar_segment_27.mid,114,45,afrobeat
B1,63,B1_track63_drummer7-session3-47_funk_112_beat_4-4_best_2bar_segment_17_original.mid,B1_track63_drummer7-session3-47_funk_112_beat_4-4_best_2bar_segment_17_dualised.mid,233,train\drummer7-session3-47_funk_112_beat_4-4_best_2bar_segment_17.mid,112,39,funk
B1,64,B1_track64_drummer8-session2-41_highlife_126_beat_4-4_best_2bar_segment_50_original.mid,B1_track64_drummer8-session2-41_highlife_126_beat_4-4_best_2bar_segment_50_dualised.mid,51,test\drummer8-session2-41_highlife_126_beat_4-4_best_2bar_segment_50.mid,126,36,highlife
B1,65,B1_track65_drummer3-session2-29_rock_92_beat_4-4_best_2bar_segment_0_original.mid,B1_track65_drummer3-session2-29_rock_92_beat_4-4_best_2bar_segment_0_dualised.mid,136,train\drummer3-session2-29_rock_92_beat_4-4_best_2bar_segment_0.mid,92,7,rock
B1,66,B1_track66_drummer5-session2-6_neworleans-secondline_99_beat_4-4_best_2bar_segment_36_original.mid,B1_track66_drummer5-session2-6_neworleans-secondline_99_beat_4-4_best_2bar_segment_36_dualised.mid,176,train\drummer5-session2-6_neworleans-secondline_99_beat_4-4_best_2bar_segment_36.mid,99,72,neworleans
B1,67,B1_track67_drummer5-session1-20_latin-brazilian-baiao_110_beat_4-4_best_2bar_segment_28_original.mid,B1_track67_drummer5-session1-20_latin-brazilian-baiao_110_beat_4-4_best_2bar_segment_28_dualised.mid,158,train\drummer5-session1-20_latin-brazilian-baiao_110_beat_4-4_best_2bar_segment_28.mid,110,65,latin
