session,track,grooVAE_name,dualised_name,index,original_file_location,bpm,Syncopation,style
C2,0,C2_track00_drummer3-session2-25_hiphop_92_beat_4-4_best_2bar_segment_7_original.mid,C2_track00_drummer3-session2-25_hiphop_92_beat_4-4_best_2bar_segment_7_dualised.mid,321,validation\drummer3-session2-25_hiphop_92_beat_4-4_best_2bar_segment_7.mid,92,20,hiphop
C2,1,C2_track01_drummer3-session1-12_rock_120_beat_4-4_best_2bar_segment_1_original.mid,C2_track01_drummer3-session1-12_rock_120_beat_4-4_best_2bar_segment_1_dualised.mid,116,train\drummer3-session1-12_rock_120_beat_4-4_best_2bar_segment_1.mid,120,6,rock
C2,2,C2_track02_drummer5-eval_session-9_soul-groove9_105_beat_4-4_best_2bar_segment_5_original.mid,C2_track02_drummer5-eval_session-9_soul-groove9_105_beat_4-4_best_2bar_segment_5_dualised.mid,20,test\drummer5-eval_session-9_soul-groove9_105_beat_4-4_best_2bar_segment_5.mid,105,26,soul
C2,3,C2_track03_drummer8-session2-9_hiphop_86_beat_4-4_best_2bar_segment_32_original.mid,C2_track03_drummer8-session2-9_hiphop_86_beat_4-4_best_2bar_segment_32_dualised.mid,290,train\drummer8-session2-9_hiphop_86_beat_4-4_best_2bar_segment_32.mid,86,36,hiphop
C2,4,C2_track04_drummer8-session1-17_afrobeat_90_beat_4-4_best_2bar_segment_12_original.mid,C2_track04_drummer8-session1-17_afrobeat_90_beat_4-4_best_2bar_segment_12_dualised.mid,245,train\drummer8-session1-17_afrobeat_90_beat_4-4_best_2bar_segment_12.mid,90,45,afrobeat
C2,5,C2_track05_drummer5-session2-12_rock_105_beat_4-4_best_2bar_segment_4_original.mid,C2_track05_drummer5-session2-12_rock_105_beat_4-4_best_2bar_segment_4_dualised.mid,165,train\drummer5-session2-12_rock_105_beat_4-4_best_2bar_segment_4.mid,105,60,rock
C2,6,C2_track06_drummer5-session2-24_latin-brazilian-songo_120_beat_4-4_best_2bar_segment_50_original.mid,C2_track06_drummer5-session2-24_latin-brazilian-songo_120_beat_4-4_best_2bar_segment_50_dualised.mid,172,train\drummer5-session2-24_latin-brazilian-songo_120_beat_4-4_best_2bar_segment_50.mid,120,109,latin
C2,7,C2_track07_drummer1-session3-11_afrobeat_94_beat_4-4_best_2bar_segment_87_original.mid,C2_track07_drummer1-session3-11_afrobeat_94_beat_4-4_best_2bar_segment_87_dualised.mid,87,train\drummer1-session3-11_afrobeat_94_beat_4-4_best_2bar_segment_87.mid,94,53,afrobeat
C2,8,C2_track08_drummer9-session1-3_rock_100_beat_4-4_best_2bar_segment_2_original.mid,C2_track08_drummer9-session1-3_rock_100_beat_4-4_best_2bar_segment_2_dualised.mid,52,test\drummer9-session1-3_rock_100_beat_4-4_best_2bar_segment_2.mid,100,29,rock
C2,9,C2_track09_drummer5-session1-15_funk_100_beat_4-4_best_2bar_segment_102_original.mid,C2_track09_drummer5-session1-15_funk_100_beat_4-4_best_2bar_segment_102_dualised.mid,152,train\drummer5-session1-15_funk_100_beat_4-4_best_2bar_segment_102.mid,100,52,funk
C2,10,C2_track10_drummer7-session3-109_rock_95_beat_4-4_best_2bar_segment_2_original.mid,C2_track10_drummer7-session3-109_rock_95_beat_4-4_best_2bar_segment_2_dualised.mid,36,test\drummer7-session3-109_rock_95_beat_4-4_best_2bar_segment_2.mid,95,8,rock
C2,11,C2_track11_drummer5-session2-14_rock_140_beat_4-4_best_2bar_segment_8_original.mid,C2_track11_drummer5-session2-14_rock_140_beat_4-4_best_2bar_segment_8_dualised.mid,167,train\drummer5-session2-14_rock_140_beat_4-4_best_2bar_segment_8.mid,140,4,rock
C2,12,C2_track12_drummer7-session1-10_rock_93_beat_4-4_best_2bar_segment_3_original.mid,C2_track12_drummer7-session1-10_rock_93_beat_4-4_best_2bar_segment_3_dualised.mid,186,train\drummer7-session1-10_rock_93_beat_4-4_best_2bar_segment_3.mid,93,49,rock
C2,13,C2_track13_drummer7-eval_session-4_soul-groove4_80_beat_4-4_best_2bar_segment_3_original.mid,C2_track13_drummer7-eval_session-4_soul-groove4_80_beat_4-4_best_2bar_segment_3_dualised.mid,26,test\drummer7-eval_session-4_soul-groove4_80_beat_4-4_best_2bar_segment_3.mid,80,0,soul
C2,14,C2_track14_drummer5-eval_session-2_funk-groove2_105_beat_4-4_best_2bar_segment_1_original.mid,C2_track14_drummer5-eval_session-2_funk-groove2_105_beat_4-4_best_2bar_segment_1_dualised.mid,14,test\drummer5-eval_session-2_funk-groove2_105_beat_4-4_best_2bar_segment_1.mid,105,63,funk
C2,15,C2_track15_drummer3-session2-2_rock_100_beat_4-4_best_2bar_segment_4_original.mid,C2_track15_drummer3-session2-2_rock_100_beat_4-4_best_2bar_segment_4_dualised.mid,137,train\drummer3-session2-2_rock_100_beat_4-4_best_2bar_segment_4.mid,100,12,rock
C2,16,C2_track16_drummer1-session1-2_funk_80_beat_4-4_best_2bar_segment_6_original.mid,C2_track16_drummer1-session1-2_funk_80_beat_4-4_best_2bar_segment_6_dualised.mid,313,validation\drummer1-session1-2_funk_80_beat_4-4_best_2bar_segment_6.mid,80,53,funk
C2,17,C2_track17_drummer7-session3-117_rock_95_beat_4-4_best_2bar_segment_5_original.mid,C2_track17_drummer7-session3-117_rock_95_beat_4-4_best_2bar_segment_5_dualised.mid,37,test\drummer7-session3-117_rock_95_beat_4-4_best_2bar_segment_5.mid,95,12,rock
C2,18,C2_track18_drummer8-session2-19_neworleans-funk_90_beat_4-4_best_2bar_segment_4_original.mid,C2_track18_drummer8-session2-19_neworleans-funk_90_beat_4-4_best_2bar_segment_4_dualised.mid,263,train\drummer8-session2-19_neworleans-funk_90_beat_4-4_best_2bar_segment_4.mid,90,82,neworleans
C2,19,C2_track19_drummer1-session2-110_rock-prog_190_beat_4-4_best_2bar_segment_9_original.mid,C2_track19_drummer1-session2-110_rock-prog_190_beat_4-4_best_2bar_segment_9_dualised.mid,8,test\drummer1-session2-110_rock-prog_190_beat_4-4_best_2bar_segment_9.mid,190,17,rock
C2,20,C2_track20_drummer6-session3-2_rock_100_beat_4-4_best_2bar_segment_19_original.mid,C2_track20_drummer6-session3-2_rock_100_beat_4-4_best_2bar_segment_19_dualised.mid,182,train\drummer6-session3-2_rock_100_beat_4-4_best_2bar_segment_19.mid,100,8,rock
C2,21,C2_track21_drummer8-session2-12_funk_81_beat_4-4_best_2bar_segment_4_original.mid,C2_track21_drummer8-session2-12_funk_81_beat_4-4_best_2bar_segment_4_dualised.mid,259,train\drummer8-session2-12_funk_81_beat_4-4_best_2bar_segment_4.mid,81,34,funk
C2,22,C2_track22_drummer7-eval_session-8_rock-groove8_65_beat_4-4_best_2bar_segment_0_original.mid,C2_track22_drummer7-eval_session-8_rock-groove8_65_beat_4-4_best_2bar_segment_0_dualised.mid,29,test\drummer7-eval_session-8_rock-groove8_65_beat_4-4_best_2bar_segment_0.mid,65,16,rock
C2,23,C2_track23_drummer8-session2-2_funk_92_beat_4-4_best_2bar_segment_56_original.mid,C2_track23_drummer8-session2-2_funk_92_beat_4-4_best_2bar_segment_56_dualised.mid,273,train\drummer8-session2-2_funk_92_beat_4-4_best_2bar_segment_56.mid,92,63,funk
C2,24,C2_track24_drummer3-session1-18_rock_120_beat_4-4_best_2bar_segment_1_original.mid,C2_track24_drummer3-session1-18_rock_120_beat_4-4_best_2bar_segment_1_dualised.mid,117,train\drummer3-session1-18_rock_120_beat_4-4_best_2bar_segment_1.mid,120,10,rock
C2,25,C2_track25_drummer5-session1-7_latin-brazilian-maracatu_96_beat_4-4_best_2bar_segment_68_original.mid,C2_track25_drummer5-session1-7_latin-brazilian-maracatu_96_beat_4-4_best_2bar_segment_68_dualised.mid,22,test\drummer5-session1-7_latin-brazilian-maracatu_96_beat_4-4_best_2bar_segment_68.mid,96,63,latin
C2,26,C2_track26_drummer5-session2-11_soul_96_beat_4-4_best_2bar_segment_22_original.mid,C2_track26_drummer5-session2-11_soul_96_beat_4-4_best_2bar_segment_22_dualised.mid,164,train\drummer5-session2-11_soul_96_beat_4-4_best_2bar_segment_22.mid,96,59,soul
C2,27,C2_track27_drummer8-session1-6_funk_80_beat_4-4_best_2bar_segment_3_original.mid,C2_track27_drummer8-session1-6_funk_80_beat_4-4_best_2bar_segment_3_dualised.mid,256,train\drummer8-session1-6_funk_80_beat_4-4_best_2bar_segment_3.mid,80,40,funk
C2,28,C2_track28_drummer3-session1-35_rock_120_beat_4-4_best_2bar_segment_11_original.mid,C2_track28_drummer3-session1-35_rock_120_beat_4-4_best_2bar_segment_11_dualised.mid,122,train\drummer3-session1-35_rock_120_beat_4-4_best_2bar_segment_11.mid,120,11,rock
C2,29,C2_track29_drummer5-session2-20_latin-brazilian-ijexa_108_beat_4-4_best_2bar_segment_2_original.mid,C2_track29_drummer5-session2-20_latin-brazilian-ijexa_108_beat_4-4_best_2bar_segment_2_dualised.mid,170,train\drummer5-session2-20_latin-brazilian-ijexa_108_beat_4-4_best_2bar_segment_2.mid,108,79,latin
C2,30,C2_track30_drummer3-session1-6_rock_105_beat_4-4_best_2bar_segment_0_original.mid,C2_track30_drummer3-session1-6_rock_105_beat_4-4_best_2bar_segment_0_dualised.mid,125,train\drummer3-session1-6_rock_105_beat_4-4_best_2bar_segment_0.mid,105,24,rock
C2,31,C2_track31_drummer5-eval_session-10_soul-groove10_102_beat_4-4_best_2bar_segment_2_original.mid,C2_track31_drummer5-eval_session-10_soul-groove10_102_beat_4-4_best_2bar_segment_2_dualised.mid,12,test\drummer5-eval_session-10_soul-groove10_102_beat_4-4_best_2bar_segment_2.mid,102,20,soul
C2,32,C2_track32_drummer10-session1-1_jazz-swing_124_beat_4-4_best_2bar_segment_60_original.mid,C2_track32_drummer10-session1-1_jazz-swing_124_beat_4-4_best_2bar_segment_60_dualised.mid,100,train\drummer10-session1-1_jazz-swing_124_beat_4-4_best_2bar_segment_60.mid,124,15,jazz
C2,33,C2_track33_drummer7-session3-119_rock_95_beat_4-4_best_2bar_segment_0_original.mid,C2_track33_drummer7-session3-119_rock_95_beat_4-4_best_2bar_segment_0_dualised.mid,222,train\drummer7-session3-119_rock_95_beat_4-4_best_2bar_segment_0.mid,95,8,rock
C2,34,C2_track34_drummer2-session2-6_rock_130_beat_4-4_best_2bar_segment_1_original.mid,C2_track34_drummer2-session2-6_rock_130_beat_4-4_best_2bar_segment_1_dualised.mid,111,train\drummer2-session2-6_rock_130_beat_4-4_best_2bar_segment_1.mid,130,20,rock
C2,35,C2_track35_drummer1-session2-7_jazz-march_88_beat_4-4_best_2bar_segment_1_original.mid,C2_track35_drummer1-session2-7_jazz-march_88_beat_4-4_best_2bar_segment_1_dualised.mid,82,train\drummer1-session2-7_jazz-march_88_beat_4-4_best_2bar_segment_1.mid,88,22,jazz
C2,36,C2_track36_drummer1-session3-4_jazz-linear_182_beat_4-4_best_2bar_segment_124_original.mid,C2_track36_drummer1-session3-4_jazz-linear_182_beat_4-4_best_2bar_segment_124_dualised.mid,93,train\drummer1-session3-4_jazz-linear_182_beat_4-4_best_2bar_segment_124.mid,182,41,jazz
C2,37,C2_track37_drummer8-session2-5_funk_91_beat_4-4_best_2bar_segment_5_original.mid,C2_track37_drummer8-session2-5_funk_91_beat_4-4_best_2bar_segment_5_dualised.mid,286,train\drummer8-session2-5_funk_91_beat_4-4_best_2bar_segment_5.mid,91,48,funk
C2,38,C2_track38_drummer1-session1-146_latin-brazilian-baiao_95_beat_4-4_best_2bar_segment_19_original.mid,C2_track38_drummer1-session1-146_latin-brazilian-baiao_95_beat_4-4_best_2bar_segment_19_dualised.mid,55,train\drummer1-session1-146_latin-brazilian-baiao_95_beat_4-4_best_2bar_segment_19.mid,95,39,latin
C2,39,C2_track39_drummer7-session2-101_pop_142_beat_4-4_best_2bar_segment_13_original.mid,C2_track39_drummer7-session2-101_pop_142_beat_4-4_best_2bar_segment_13_dualised.mid,198,train\drummer7-session2-101_pop_142_beat_4-4_best_2bar_segment_13.mid,142,10,pop
C2,40,C2_track40_drummer6-session3-1_rock_90_beat_4-4_best_2bar_segment_14_original.mid,C2_track40_drummer6-session3-1_rock_90_beat_4-4_best_2bar_segment_14_dualised.mid,328,validation\drummer6-session3-1_rock_90_beat_4-4_best_2bar_segment_14.mid,90,53,rock
C2,41,C2_track41_drummer7-session3-38_hiphop_67_beat_4-4_best_2bar_segment_1_original.mid,C2_track41_drummer7-session3-38_hiphop_67_beat_4-4_best_2bar_segment_1_dualised.mid,230,train\drummer7-session3-38_hiphop_67_beat_4-4_best_2bar_segment_1.mid,67,14,hiphop
C2,42,C2_track42_drummer7-session2-8_rock_95_beat_4-4_best_2bar_segment_19_original.mid,C2_track42_drummer7-session2-8_rock_95_beat_4-4_best_2bar_segment_19_dualised.mid,337,validation\drummer7-session2-8_rock_95_beat_4-4_best_2bar_segment_19.mid,95,40,rock
C2,43,C2_track43_drummer7-session2-80_country_78_beat_4-4_best_2bar_segment_15_original.mid,C2_track43_drummer7-session2-80_country_78_beat_4-4_best_2bar_segment_15_dualised.mid,215,train\drummer7-session2-80_country_78_beat_4-4_best_2bar_segment_15.mid,78,54,country
C2,44,C2_track44_drummer3-session2-22_rock_92_beat_4-4_best_2bar_segment_2_original.mid,C2_track44_drummer3-session2-22_rock_92_beat_4-4_best_2bar_segment_2_dualised.mid,132,train\drummer3-session2-22_rock_92_beat_4-4_best_2bar_segment_2.mid,92,17,rock
C2,45,C2_track45_drummer9-session1-18_rock_120_beat_4-4_best_2bar_segment_3_original.mid,C2_track45_drummer9-session1-18_rock_120_beat_4-4_best_2bar_segment_3_dualised.mid,295,train\drummer9-session1-18_rock_120_beat_4-4_best_2bar_segment_3.mid,120,14,rock
C2,46,C2_track46_drummer1-eval_session-2_funk-groove2_105_beat_4-4_best_2bar_segment_5_original.mid,C2_track46_drummer1-eval_session-2_funk-groove2_105_beat_4-4_best_2bar_segment_5_dualised.mid,2,test\drummer1-eval_session-2_funk-groove2_105_beat_4-4_best_2bar_segment_5.mid,105,66,funk
C2,47,C2_track47_drummer2-session2-7_rock_130_beat_4-4_best_2bar_segment_15_original.mid,C2_track47_drummer2-session2-7_rock_130_beat_4-4_best_2bar_segment_15_dualised.mid,112,train\drummer2-session2-7_rock_130_beat_4-4_best_2bar_segment_15.mid,130,29,rock
C2,48,C2_track48_drummer8-eval_session-6_hiphop-groove6_87_beat_4-4_best_2bar_segment_1_original.mid,C2_track48_drummer8-eval_session-6_hiphop-groove6_87_beat_4-4_best_2bar_segment_1_dualised.mid,44,test\drummer8-eval_session-6_hiphop-groove6_87_beat_4-4_best_2bar_segment_1.mid,87,41,hiphop
C2,49,C2_track49_drummer8-session2-31_afrobeat_98_beat_4-4_best_2bar_segment_5_original.mid,C2_track49_drummer8-session2-31_afrobeat_98_beat_4-4_best_2bar_segment_5_dualised.mid,275,train\drummer8-session2-31_afrobeat_98_beat_4-4_best_2bar_segment_5.mid,98,71,afrobeat
C2,50,C2_track50_drummer7-session3-130_soul_105_beat_4-4_best_2bar_segment_3_original.mid,C2_track50_drummer7-session3-130_soul_105_beat_4-4_best_2bar_segment_3_dualised.mid,225,train\drummer7-session3-130_soul_105_beat_4-4_best_2bar_segment_3.mid,105,34,soul
C2,51,C2_track51_drummer8-session1-1_funk_95_beat_4-4_best_2bar_segment_5_original.mid,C2_track51_drummer8-session1-1_funk_95_beat_4-4_best_2bar_segment_5_dualised.mid,246,train\drummer8-session1-1_funk_95_beat_4-4_best_2bar_segment_5.mid,95,18,funk
C2,52,C2_track52_drummer7-session2-27_rock_75_beat_4-4_best_2bar_segment_7_original.mid,C2_track52_drummer7-session2-27_rock_75_beat_4-4_best_2bar_segment_7_dualised.mid,336,validation\drummer7-session2-27_rock_75_beat_4-4_best_2bar_segment_7.mid,75,11,rock
C2,53,C2_track53_drummer1-session2-36_punk_128_beat_4-4_best_2bar_segment_0_original.mid,C2_track53_drummer1-session2-36_punk_128_beat_4-4_best_2bar_segment_0_dualised.mid,80,train\drummer1-session2-36_punk_128_beat_4-4_best_2bar_segment_0.mid,128,44,punk
C2,54,C2_track54_drummer7-session2-26_rock_118_beat_4-4_best_2bar_segment_1_original.mid,C2_track54_drummer7-session2-26_rock_118_beat_4-4_best_2bar_segment_1_dualised.mid,205,train\drummer7-session2-26_rock_118_beat_4-4_best_2bar_segment_1.mid,118,29,rock
C2,55,C2_track55_drummer8-session1-21_rock-shuffle_112_beat_4-4_best_2bar_segment_17_original.mid,C2_track55_drummer8-session1-21_rock-shuffle_112_beat_4-4_best_2bar_segment_17_dualised.mid,248,train\drummer8-session1-21_rock-shuffle_112_beat_4-4_best_2bar_segment_17.mid,112,26,rock
C2,56,C2_track56_drummer7-session3-67_neworleans-funk_93_beat_4-4_best_2bar_segment_12_original.mid,C2_track56_drummer7-session3-67_neworleans-funk_93_beat_4-4_best_2bar_segment_12_dualised.mid,238,train\drummer7-session3-67_neworleans-funk_93_beat_4-4_best_2bar_segment_12.mid,93,45,neworleans
C2,57,C2_track57_drummer3-session2-32_hiphop_92_beat_4-4_best_2bar_segment_1_original.mid,C2_track57_drummer3-session2-32_hiphop_92_beat_4-4_best_2bar_segment_1_dualised.mid,140,train\drummer3-session2-32_hiphop_92_beat_4-4_best_2bar_segment_1.mid,92,11,hiphop
C2,58,C2_track58_drummer1-session1-49_jazz_125_beat_4-4_best_2bar_segment_3_original.mid,C2_track58_drummer1-session1-49_jazz_125_beat_4-4_best_2bar_segment_3_dualised.mid,63,train\drummer1-session1-49_jazz_125_beat_4-4_best_2bar_segment_3.mid,125,9,jazz
C2,59,C2_track59_drummer9-session1-8_rock_100_beat_4-4_best_2bar_segment_2_original.mid,C2_track59_drummer9-session1-8_rock_100_beat_4-4_best_2bar_segment_2_dualised.mid,310,train\drummer9-session1-8_rock_100_beat_4-4_best_2bar_segment_2.mid,100,50,rock
C2,60,C2_track60_drummer9-session1-19_rock_120_beat_4-4_best_2bar_segment_3_original.mid,C2_track60_drummer9-session1-19_rock_120_beat_4-4_best_2bar_segment_3_dualised.mid,296,train\drummer9-session1-19_rock_120_beat_4-4_best_2bar_segment_3.mid,120,27,rock
C2,61,C2_track61_drummer5-session2-21_latin-brazilian-ijexa_108_beat_4-4_best_2bar_segment_2_original.mid,C2_track61_drummer5-session2-21_latin-brazilian-ijexa_108_beat_4-4_best_2bar_segment_2_dualised.mid,171,train\drummer5-session2-21_latin-brazilian-ijexa_108_beat_4-4_best_2bar_segment_2.mid,108,57,latin
C2,62,C2_track62_drummer8-session2-6_funk_91_beat_4-4_best_2bar_segment_22_original.mid,C2_track62_drummer8-session2-6_funk_91_beat_4-4_best_2bar_segment_22_dualised.mid,287,train\drummer8-session2-6_funk_91_beat_4-4_best_2bar_segment_22.mid,91,65,funk
C2,63,C2_track63_drummer3-session2-5_rock_100_beat_4-4_best_2bar_segment_4_original.mid,C2_track63_drummer3-session2-5_rock_100_beat_4-4_best_2bar_segment_4_dualised.mid,322,validation\drummer3-session2-5_rock_100_beat_4-4_best_2bar_segment_4.mid,100,10,rock
C2,64,C2_track64_drummer1-session1-239_funk-purdieshuffle_130_beat_4-4_best_2bar_segment_63_original.mid,C2_track64_drummer1-session1-239_funk-purdieshuffle_130_beat_4-4_best_2bar_segment_63_dualised.mid,5,test\drummer1-session1-239_funk-purdieshuffle_130_beat_4-4_best_2bar_segment_63.mid,130,49,funk
C2,65,C2_track65_drummer5-session1-6_latin-brazilian-maracatu_96_beat_4-4_best_2bar_segment_39_original.mid,C2_track65_drummer5-session1-6_latin-brazilian-maracatu_96_beat_4-4_best_2bar_segment_39_dualised.mid,161,train\drummer5-session1-6_latin-brazilian-maracatu_96_beat_4-4_best_2bar_segment_39.mid,96,63,latin
C2,66,C2_track66_drummer3-session2-1_rock_100_beat_4-4_best_2bar_segment_1_original.mid,C2_track66_drummer3-session2-1_rock_100_beat_4-4_best_2bar_segment_1_dualised.mid,129,train\drummer3-session2-1_rock_100_beat_4-4_best_2bar_segment_1.mid,100,16,rock
C2,67,C2_track67_drummer1-session2-112_afrocuban-bembe_122_beat_4-4_best_2bar_segment_11_original.mid,C2_track67_drummer1-session2-112_afrocuban-bembe_122_beat_4-4_best_2bar_segment_11_dualised.mid,74,train\drummer1-session2-112_afrocuban-bembe_122_beat_4-4_best_2bar_segment_11.mid,122,43,afrocuban
