session,track,grooVAE_name,dualised_name,index,original_file_location,bpm,Syncopation,style
D1,0,D1_track00_drummer3-session1-1_rock_105_beat_4-4_best_2bar_segment_1_original.mid,D1_track00_drummer3-session1-1_rock_105_beat_4-4_best_2bar_segment_1_dualised.mid,119,train\drummer3-session1-1_rock_105_beat_4-4_best_2bar_segment_1.mid,105,28,rock
D1,1,D1_track01_drummer8-session1-2_funk_95_beat_4-4_best_2bar_segment_4_original.mid,D1_track01_drummer8-session1-2_funk_95_beat_4-4_best_2bar_segment_4_dualised.mid,255,train\drummer8-session1-2_funk_95_beat_4-4_best_2bar_segment_4.mid,95,18,funk
D1,2,D1_track02_drummer9-session1-11_rock_100_beat_4-4_best_2bar_segment_1_original.mid,D1_track02_drummer9-session1-11_rock_100_beat_4-4_best_2bar_segment_1_dualised.mid,291,train\drummer9-session1-11_rock_100_beat_4-4_best_2bar_segment_1.mid,100,73,rock
D1,3,D1_track03_drummer8-session2-35_latin-brazilian-songo_120_beat_4-4_best_2bar_segment_54_original.mid,D1_track03_drummer8-session2-35_latin-brazilian-songo_120_beat_4-4_best_2bar_segment_54_dualised.mid,279,train\drummer8-session2-35_latin-brazilian-songo_120_beat_4-4_best_2bar_segment_54.mid,120,82,latin
D1,4,D1_track04_drummer8-eval_session-4_soul-groove4_80_beat_4-4_best_2bar_segment_10_original.mid,D1_track04_drummer8-eval_session-4_soul-groove4_80_beat_4-4_best_2bar_segment_10_dualised.mid,42,test\drummer8-eval_session-4_soul-groove4_80_beat_4-4_best_2bar_segment_10.mid,80,0,soul
D1,5,D1_track05_drummer7-session2-14_rock_95_beat_4-4_best_2bar_segment_3_original.mid,D1_track05_drummer7-session2-14_rock_95_beat_4-4_best_2bar_segment_3_dualised.mid,334,validation\drummer7-session2-14_rock_95_beat_4-4_best_2bar_segment_3.mid,95,41,rock
D1,6,D1_track06_drummer1-session1-78_jazz-fast_290_beat_4-4_best_2bar_segment_50_original.mid,D1_track06_drummer1-session1-78_jazz-fast_290_beat_4-4_best_2bar_segment_50_dualised.mid,69,train\drummer1-session1-78_jazz-fast_290_beat_4-4_best_2bar_segment_50.mid,290,28,jazz
D1,7,D1_track07_drummer1-session3-12_latin-bomba_96_beat_4-4_best_2bar_segment_29_original.mid,D1_track07_drummer1-session3-12_latin-bomba_96_beat_4-4_best_2bar_segment_29_dualised.mid,317,validation\drummer1-session3-12_latin-bomba_96_beat_4-4_best_2bar_segment_29.mid,96,55,latin
D1,8,D1_track08_drummer3-session1-9_rock_105_beat_4-4_best_2bar_segment_2_original.mid,D1_track08_drummer3-session1-9_rock_105_beat_4-4_best_2bar_segment_2_dualised.mid,127,train\drummer3-session1-9_rock_105_beat_4-4_best_2bar_segment_2.mid,105,6,rock
D1,9,D1_track09_drummer1-session2-181_rock_115_beat_4-4_best_2bar_segment_18_original.mid,D1_track09_drummer1-session2-181_rock_115_beat_4-4_best_2bar_segment_18_dualised.mid,77,train\drummer1-session2-181_rock_115_beat_4-4_best_2bar_segment_18.mid,115,19,rock
D1,10,D1_track10_drummer7-session2-53_rock_135_beat_4-4_best_2bar_segment_0_original.mid,D1_track10_drummer7-session2-53_rock_135_beat_4-4_best_2bar_segment_0_dualised.mid,34,test\drummer7-session2-53_rock_135_beat_4-4_best_2bar_segment_0.mid,135,20,rock
D1,11,D1_track11_drummer7-session2-6_rock_120_beat_4-4_best_2bar_segment_0_original.mid,D1_track11_drummer7-session2-6_rock_120_beat_4-4_best_2bar_segment_0_dualised.mid,211,train\drummer7-session2-6_rock_120_beat_4-4_best_2bar_segment_0.mid,120,15,rock
D1,12,D1_track12_drummer8-session1-16_afrobeat_90_beat_4-4_best_2bar_segment_30_original.mid,D1_track12_drummer8-session1-16_afrobeat_90_beat_4-4_best_2bar_segment_30_dualised.mid,339,validation\drummer8-session1-16_afrobeat_90_beat_4-4_best_2bar_segment_30.mid,90,32,afrobeat
D1,13,D1_track13_drummer5-session2-1_latin-venezuelan-sangueo_101_beat_4-4_best_2bar_segment_10_original.mid,D1_track13_drummer5-session2-1_latin-venezuelan-sangueo_101_beat_4-4_best_2bar_segment_10_dualised.mid,169,train\drummer5-session2-1_latin-venezuelan-sangueo_101_beat_4-4_best_2bar_segment_10.mid,101,74,latin
D1,14,D1_track14_drummer1-session1-28_latin-samba_116_beat_4-4_best_2bar_segment_34_original.mid,D1_track14_drummer1-session1-28_latin-samba_116_beat_4-4_best_2bar_segment_34_dualised.mid,6,test\drummer1-session1-28_latin-samba_116_beat_4-4_best_2bar_segment_34.mid,116,75,latin
D1,15,D1_track15_drummer2-session2-1_rock_130_beat_4-4_best_2bar_segment_9_original.mid,D1_track15_drummer2-session2-1_rock_130_beat_4-4_best_2bar_segment_9_dualised.mid,108,train\drummer2-session2-1_rock_130_beat_4-4_best_2bar_segment_9.mid,130,8,rock
D1,16,D1_track16_drummer5-session2-2_latin-brazilian_101_beat_4-4_best_2bar_segment_10_original.mid,D1_track16_drummer5-session2-2_latin-brazilian_101_beat_4-4_best_2bar_segment_10_dualised.mid,173,train\drummer5-session2-2_latin-brazilian_101_beat_4-4_best_2bar_segment_10.mid,101,59,latin
D1,17,D1_track17_drummer9-session1-5_rock_100_beat_4-4_best_2bar_segment_12_original.mid,D1_track17_drummer9-session1-5_rock_100_beat_4-4_best_2bar_segment_12_dualised.mid,309,train\drummer9-session1-5_rock_100_beat_4-4_best_2bar_segment_12.mid,100,36,rock
D1,18,D1_track18_drummer8-session2-3_afrobeat_114_beat_4-4_best_2bar_segment_11_original.mid,D1_track18_drummer8-session2-3_afrobeat_114_beat_4-4_best_2bar_segment_11_dualised.mid,283,train\drummer8-session2-3_afrobeat_114_beat_4-4_best_2bar_segment_11.mid,114,37,afrobeat
D1,19,D1_track19_drummer4-session1-8_blues-shuffle_112_beat_4-4_best_2bar_segment_0_original.mid,D1_track19_drummer4-session1-8_blues-shuffle_112_beat_4-4_best_2bar_segment_0_dualised.mid,147,train\drummer4-session1-8_blues-shuffle_112_beat_4-4_best_2bar_segment_0.mid,112,41,blues
D1,20,D1_track20_drummer2-session2-4_rock_130_beat_4-4_best_2bar_segment_3_original.mid,D1_track20_drummer2-session2-4_rock_130_beat_4-4_best_2bar_segment_3_dualised.mid,110,train\drummer2-session2-4_rock_130_beat_4-4_best_2bar_segment_3.mid,130,39,rock
D1,21,D1_track21_drummer8-session2-1_funk_92_beat_4-4_best_2bar_segment_11_original.mid,D1_track21_drummer8-session2-1_funk_92_beat_4-4_best_2bar_segment_11_dualised.mid,264,train\drummer8-session2-1_funk_92_beat_4-4_best_2bar_segment_11.mid,92,76,funk
D1,22,D1_track22_drummer5-session2-15_latin-venezuelan-joropo_80_beat_4-4_best_2bar_segment_2_original.mid,D1_track22_drummer5-session2-15_latin-venezuelan-joropo_80_beat_4-4_best_2bar_segment_2_dualised.mid,325,validation\drummer5-session2-15_latin-venezuelan-joropo_80_beat_4-4_best_2bar_segment_2.mid,80,21,latin
D1,23,D1_track23_drummer5-session1-17_blues-shuffle_72_beat_4-4_best_2bar_segment_33_original.mid,D1_track23_drummer5-session1-17_blues-shuffle_72_beat_4-4_best_2bar_segment_33_dualised.mid,154,train\drummer5-session1-17_blues-shuffle_72_beat_4-4_best_2bar_segment_33.mid,72,57,blues
D1,24,D1_track24_drummer7-session3-48_funk_112_beat_4-4_best_2bar_segment_0_original.mid,D1_track24_drummer7-session3-48_funk_112_beat_4-4_best_2bar_segment_0_dualised.mid,234,train\drummer7-session3-48_funk_112_beat_4-4_best_2bar_segment_0.mid,112,41,funk
D1,25,D1_track25_drummer3-session2-24_rock_92_beat_4-4_best_2bar_segment_1_original.mid,D1_track25_drummer3-session2-24_rock_92_beat_4-4_best_2bar_segment_1_dualised.mid,133,train\drummer3-session2-24_rock_92_beat_4-4_best_2bar_segment_1.mid,92,16,rock
D1,26,D1_track26_drummer1-session2-8_jazz-march_176_beat_4-4_best_2bar_segment_35_original.mid,D1_track26_drummer1-session2-8_jazz-march_176_beat_4-4_best_2bar_segment_35_dualised.mid,83,train\drummer1-session2-8_jazz-march_176_beat_4-4_best_2bar_segment_35.mid,176,11,jazz
D1,27,D1_track27_drummer10-session1-6_jazz-swing_215_beat_4-4_best_2bar_segment_7_original.mid,D1_track27_drummer10-session1-6_jazz-swing_215_beat_4-4_best_2bar_segment_7_dualised.mid,105,train\drummer10-session1-6_jazz-swing_215_beat_4-4_best_2bar_segment_7.mid,215,24,jazz
D1,28,D1_track28_drummer9-session1-12_rock_100_beat_4-4_best_2bar_segment_1_original.mid,D1_track28_drummer9-session1-12_rock_100_beat_4-4_best_2bar_segment_1_dualised.mid,344,validation\drummer9-session1-12_rock_100_beat_4-4_best_2bar_segment_1.mid,100,44,rock
D1,29,D1_track29_drummer3-session2-20_rock_92_beat_4-4_best_2bar_segment_8_original.mid,D1_track29_drummer3-session2-20_rock_92_beat_4-4_best_2bar_segment_8_dualised.mid,130,train\drummer3-session2-20_rock_92_beat_4-4_best_2bar_segment_8.mid,92,0,rock
D1,30,D1_track30_drummer8-session1-23_hiphop_70_beat_4-4_best_2bar_segment_0_original.mid,D1_track30_drummer8-session1-23_hiphop_70_beat_4-4_best_2bar_segment_0_dualised.mid,249,train\drummer8-session1-23_hiphop_70_beat_4-4_best_2bar_segment_0.mid,70,11,hiphop
D1,31,D1_track31_drummer1-session2-2_latin-chacarera_118_beat_4-4_best_2bar_segment_54_original.mid,D1_track31_drummer1-session2-2_latin-chacarera_118_beat_4-4_best_2bar_segment_54_dualised.mid,78,train\drummer1-session2-2_latin-chacarera_118_beat_4-4_best_2bar_segment_54.mid,118,22,latin
D1,32,D1_track32_drummer7-session1-40_hiphop_100_beat_4-4_best_2bar_segment_0_original.mid,D1_track32_drummer7-session1-40_hiphop_100_beat_4-4_best_2bar_segment_0_dualised.mid,195,train\drummer7-session1-40_hiphop_100_beat_4-4_best_2bar_segment_0.mid,100,70,hiphop
D1,33,D1_track33_drummer5-session1-19_middleeastern_126_beat_4-4_best_2bar_segment_46_original.mid,D1_track33_drummer5-session1-19_middleeastern_126_beat_4-4_best_2bar_segment_46_dualised.mid,156,train\drummer5-session1-19_middleeastern_126_beat_4-4_best_2bar_segment_46.mid,126,24,middleeastern
D1,34,D1_track34_drummer3-session1-33_jazz_120_beat_4-4_best_2bar_segment_1_original.mid,D1_track34_drummer3-session1-33_jazz_120_beat_4-4_best_2bar_segment_1_dualised.mid,121,train\drummer3-session1-33_jazz_120_beat_4-4_best_2bar_segment_1.mid,120,26,jazz
D1,35,D1_track35_drummer5-session1-10_latin-brazilian-sambareggae_96_beat_4-4_best_2bar_segment_15_original.mid,D1_track35_drummer5-session1-10_latin-brazilian-sambareggae_96_beat_4-4_best_2bar_segment_15_dualised.mid,149,train\drummer5-session1-10_latin-brazilian-sambareggae_96_beat_4-4_best_2bar_segment_15.mid,96,69,latin
D1,36,D1_track36_drummer8-session2-14_afrobeat_103_beat_4-4_best_2bar_segment_26_original.mid,D1_track36_drummer8-session2-14_afrobeat_103_beat_4-4_best_2bar_segment_26_dualised.mid,261,train\drummer8-session2-14_afrobeat_103_beat_4-4_best_2bar_segment_26.mid,103,9,afrobeat
D1,37,D1_track37_drummer8-session2-36_latin_118_beat_4-4_best_2bar_segment_18_original.mid,D1_track37_drummer8-session2-36_latin_118_beat_4-4_best_2bar_segment_18_dualised.mid,280,train\drummer8-session2-36_latin_118_beat_4-4_best_2bar_segment_18.mid,118,59,latin
D1,38,D1_track38_drummer9-session1-28_rock_90_beat_4-4_best_2bar_segment_1_original.mid,D1_track38_drummer9-session1-28_rock_90_beat_4-4_best_2bar_segment_1_dualised.mid,304,train\drummer9-session1-28_rock_90_beat_4-4_best_2bar_segment_1.mid,90,6,rock
D1,39,D1_track39_drummer1-session1-48_jazz_93_beat_4-4_best_2bar_segment_24_original.mid,D1_track39_drummer1-session1-48_jazz_93_beat_4-4_best_2bar_segment_24_dualised.mid,62,train\drummer1-session1-48_jazz_93_beat_4-4_best_2bar_segment_24.mid,93,21,jazz
D1,40,D1_track40_drummer3-session1-11_rock_120_beat_4-4_best_2bar_segment_1_original.mid,D1_track40_drummer3-session1-11_rock_120_beat_4-4_best_2bar_segment_1_dualised.mid,10,test\drummer3-session1-11_rock_120_beat_4-4_best_2bar_segment_1.mid,120,13,rock
D1,41,D1_track41_drummer1-session1-126_funk-fast_125_beat_4-4_best_2bar_segment_22_original.mid,D1_track41_drummer1-session1-126_funk-fast_125_beat_4-4_best_2bar_segment_22_dualised.mid,312,validation\drummer1-session1-126_funk-fast_125_beat_4-4_best_2bar_segment_22.mid,125,81,funk
D1,42,D1_track42_drummer1-session2-62_punk_144_beat_4-4_best_2bar_segment_8_original.mid,D1_track42_drummer1-session2-62_punk_144_beat_4-4_best_2bar_segment_8_dualised.mid,316,validation\drummer1-session2-62_punk_144_beat_4-4_best_2bar_segment_8.mid,144,11,punk
D1,43,D1_track43_drummer5-session2-22_latin-brazilian-frevo_133_beat_4-4_best_2bar_segment_49_original.mid,D1_track43_drummer5-session2-22_latin-brazilian-frevo_133_beat_4-4_best_2bar_segment_49_dualised.mid,327,validation\drummer5-session2-22_latin-brazilian-frevo_133_beat_4-4_best_2bar_segment_49.mid,133,85,latin
D1,44,D1_track44_drummer9-session1-26_rock_90_beat_4-4_best_2bar_segment_0_original.mid,D1_track44_drummer9-session1-26_rock_90_beat_4-4_best_2bar_segment_0_dualised.mid,303,train\drummer9-session1-26_rock_90_beat_4-4_best_2bar_segment_0.mid,90,35,rock
D1,45,D1_track45_drummer9-session1-1_rock_100_beat_4-4_best_2bar_segment_0_original.mid,D1_track45_drummer9-session1-1_rock_100_beat_4-4_best_2bar_segment_0_dualised.mid,297,train\drummer9-session1-1_rock_100_beat_4-4_best_2bar_segment_0.mid,100,6,rock
D1,46,D1_track46_drummer7-session2-72_funk_100_beat_4-4_best_2bar_segment_25_original.mid,D1_track46_drummer7-session2-72_funk_100_beat_4-4_best_2bar_segment_25_dualised.mid,212,train\drummer7-session2-72_funk_100_beat_4-4_best_2bar_segment_25.mid,100,70,funk
D1,47,D1_track47_drummer7-session3-10_rock_60_beat_4-4_best_2bar_segment_5_original.mid,D1_track47_drummer7-session3-10_rock_60_beat_4-4_best_2bar_segment_5_dualised.mid,221,train\drummer7-session3-10_rock_60_beat_4-4_best_2bar_segment_5.mid,60,14,rock
D1,48,D1_track48_drummer3-session2-30_rock_92_beat_4-4_best_2bar_segment_0_original.mid,D1_track48_drummer3-session2-30_rock_92_beat_4-4_best_2bar_segment_0_dualised.mid,138,train\drummer3-session2-30_rock_92_beat_4-4_best_2bar_segment_0.mid,92,10,rock
D1,49,D1_track49_drummer3-session2-28_rock_92_beat_4-4_best_2bar_segment_0_original.mid,D1_track49_drummer3-session2-28_rock_92_beat_4-4_best_2bar_segment_0_dualised.mid,135,train\drummer3-session2-28_rock_92_beat_4-4_best_2bar_segment_0.mid,92,21,rock
D1,50,D1_track50_drummer1-session3-10_rock-folk_90_beat_4-4_best_2bar_segment_27_original.mid,D1_track50_drummer1-session3-10_rock-folk_90_beat_4-4_best_2bar_segment_27_dualised.mid,86,train\drummer1-session3-10_rock-folk_90_beat_4-4_best_2bar_segment_27.mid,90,39,rock
D1,51,D1_track51_drummer2-session2-2_rock_130_beat_4-4_best_2bar_segment_4_original.mid,D1_track51_drummer2-session2-2_rock_130_beat_4-4_best_2bar_segment_4_dualised.mid,319,validation\drummer2-session2-2_rock_130_beat_4-4_best_2bar_segment_4.mid,130,15,rock
D1,52,D1_track52_drummer7-session2-123_hiphop_140_beat_4-4_best_2bar_segment_5_original.mid,D1_track52_drummer7-session2-123_hiphop_140_beat_4-4_best_2bar_segment_5_dualised.mid,202,train\drummer7-session2-123_hiphop_140_beat_4-4_best_2bar_segment_5.mid,140,31,hiphop
D1,53,D1_track53_drummer7-session3-108_rock_95_beat_4-4_best_2bar_segment_32_original.mid,D1_track53_drummer7-session3-108_rock_95_beat_4-4_best_2bar_segment_32_dualised.mid,220,train\drummer7-session3-108_rock_95_beat_4-4_best_2bar_segment_32.mid,95,8,rock
D1,54,D1_track54_drummer8-session2-17_afrobeat_85_beat_4-4_best_2bar_segment_17_original.mid,D1_track54_drummer8-session2-17_afrobeat_85_beat_4-4_best_2bar_segment_17_dualised.mid,48,test\drummer8-session2-17_afrobeat_85_beat_4-4_best_2bar_segment_17.mid,85,50,afrobeat
D1,55,D1_track55_drummer8-eval_session-1_funk-groove1_138_beat_4-4_best_2bar_segment_7_original.mid,D1_track55_drummer8-eval_session-1_funk-groove1_138_beat_4-4_best_2bar_segment_7_dualised.mid,40,test\drummer8-eval_session-1_funk-groove1_138_beat_4-4_best_2bar_segment_7.mid,138,59,funk
D1,56,D1_track56_drummer5-session1-4_latin-brazilian-samba_89_beat_4-4_best_2bar_segment_21_original.mid,D1_track56_drummer5-session1-4_latin-brazilian-samba_89_beat_4-4_best_2bar_segment_21_dualised.mid,324,validation\drummer5-session1-4_latin-brazilian-samba_89_beat_4-4_best_2bar_segment_21.mid,89,74,latin
D1,57,D1_track57_drummer5-session2-10_neworleans-funk_102_beat_4-4_best_2bar_segment_4_original.mid,D1_track57_drummer5-session2-10_neworleans-funk_102_beat_4-4_best_2bar_segment_4_dualised.mid,163,train\drummer5-session2-10_neworleans-funk_102_beat_4-4_best_2bar_segment_4.mid,102,36,neworleans
D1,58,D1_track58_drummer9-session1-2_rock_100_beat_4-4_best_2bar_segment_0_original.mid,D1_track58_drummer9-session1-2_rock_100_beat_4-4_best_2bar_segment_0_dualised.mid,306,train\drummer9-session1-2_rock_100_beat_4-4_best_2bar_segment_0.mid,100,10,rock
D1,59,D1_track59_drummer7-session2-33_rock_75_beat_4-4_best_2bar_segment_3_original.mid,D1_track59_drummer7-session2-33_rock_75_beat_4-4_best_2bar_segment_3_dualised.mid,206,train\drummer7-session2-33_rock_75_beat_4-4_best_2bar_segment_3.mid,75,0,rock
D1,60,D1_track60_drummer5-session1-13_afrocuban-calypso_124_beat_4-4_best_2bar_segment_5_original.mid,D1_track60_drummer5-session1-13_afrocuban-calypso_124_beat_4-4_best_2bar_segment_5_dualised.mid,150,train\drummer5-session1-13_afrocuban-calypso_124_beat_4-4_best_2bar_segment_5.mid,124,37,afrocuban
D1,61,D1_track61_drummer8-session1-28_rock_102_beat_4-4_best_2bar_segment_1_original.mid,D1_track61_drummer8-session1-28_rock_102_beat_4-4_best_2bar_segment_1_dualised.mid,254,train\drummer8-session1-28_rock_102_beat_4-4_best_2bar_segment_1.mid,102,0,rock
D1,62,D1_track62_drummer7-eval_session-9_soul-groove9_105_beat_4-4_best_2bar_segment_3_original.mid,D1_track62_drummer7-eval_session-9_soul-groove9_105_beat_4-4_best_2bar_segment_3_dualised.mid,30,test\drummer7-eval_session-9_soul-groove9_105_beat_4-4_best_2bar_segment_3.mid,105,20,soul
D1,63,D1_track63_drummer1-eval_session-1_funk-groove1_138_beat_4-4_best_2bar_segment_5_original.mid,D1_track63_drummer1-eval_session-1_funk-groove1_138_beat_4-4_best_2bar_segment_5_dualised.mid,1,test\drummer1-eval_session-1_funk-groove1_138_beat_4-4_best_2bar_segment_5.mid,138,41,funk
D1,64,D1_track64_drummer7-eval_session-6_hiphop-groove6_87_beat_4-4_best_2bar_segment_0_original.mid,D1_track64_drummer7-eval_session-6_hiphop-groove6_87_beat_4-4_best_2bar_segment_0_dualised.mid,28,test\drummer7-eval_session-6_hiphop-groove6_87_beat_4-4_best_2bar_segment_0.mid,87,26,hiphop
D1,65,D1_track65_drummer5-session2-18_latin-brazilian-samba_93_beat_4-4_best_2bar_segment_3_original.mid,D1_track65_drummer5-session2-18_latin-brazilian-samba_93_beat_4-4_best_2bar_segment_3_dualised.mid,168,train\drummer5-session2-18_latin-brazilian-samba_93_beat_4-4_best_2bar_segment_3.mid,93,48,latin
D1,66,D1_track66_drummer7-session3-129_rock_93_beat_4-4_best_2bar_segment_8_original.mid,D1_track66_drummer7-session3-129_rock_93_beat_4-4_best_2bar_segment_8_dualised.mid,224,train\drummer7-session3-129_rock_93_beat_4-4_best_2bar_segment_8.mid,93,12,rock
D1,67,D1_track67_drummer6-session3-4_rock_127_beat_4-4_best_2bar_segment_14_original.mid,D1_track67_drummer6-session3-4_rock_127_beat_4-4_best_2bar_segment_14_dualised.mid,329,validation\drummer6-session3-4_rock_127_beat_4-4_best_2bar_segment_14.mid,127,20,rock
