,Unnamed: 0,index,file_name,split,beat_type,bpm,time_signature,good,maybe,bad,Syncopation,style
64,64,56,train\drummer1-session1-183_afrocuban_105_beat_4-4_best_2bar_segment_15.mid,train,beat,105,4-4,1,0,0,59,afrocuban
150,150,131,train\drummer3-session2-21_rock_92_beat_4-4_best_2bar_segment_0.mid,train,beat,92,4-4,1,0,0,12,rock
216,216,191,train\drummer7-session1-1_rock_86_beat_4-4_best_2bar_segment_3.mid,train,beat,86,4-4,1,0,0,16,rock
105,105,91,train\drummer1-session3-2_jazz-swing_185_beat_4-4_best_2bar_segment_0.mid,train,beat,185,4-4,1,0,0,11,jazz
70,70,61,train\drummer1-session1-47_jazz_102_beat_4-4_best_2bar_segment_11.mid,train,beat,102,4-4,1,0,0,8,jazz
47,47,43,test\drummer8-eval_session-5_funk-groove5_84_beat_4-4_best_2bar_segment_1.mid,test,beat,84,4-4,1,0,0,42,funk
162,162,142,train\drummer3-session2-43_rock_110_beat_4-4_best_2bar_segment_0.mid,train,beat,110,4-4,1,0,0,0,rock
93,93,81,train\drummer1-session2-3_latin-chacarera_118_beat_4-4_best_2bar_segment_3.mid,train,beat,118,4-4,1,0,0,26,latin
18,18,16,test\drummer5-eval_session-4_soul-groove4_80_beat_4-4_best_2bar_segment_2.mid,test,beat,80,4-4,1,0,0,12,soul
53,53,49,test\drummer8-session2-23_rock_96_beat_4-4_best_2bar_segment_20.mid,test,beat,96,4-4,1,0,0,8,rock
303,303,269,train\drummer8-session2-26_dance-disco_137_beat_4-4_best_2bar_segment_32.mid,train,beat,137,4-4,1,0,0,24,dance
266,266,236,train\drummer7-session3-64_funk_112_beat_4-4_best_2bar_segment_8.mid,train,beat,112,4-4,1,0,0,47,funk
208,208,183,train\drummer6-session3-3_rock_100_beat_4-4_best_2bar_segment_26.mid,train,beat,100,4-4,1,0,0,49,rock
219,219,194,train\drummer7-session1-39_hiphop_100_beat_4-4_best_2bar_segment_6.mid,train,beat,100,4-4,1,0,0,107,hiphop
311,311,277,train\drummer8-session2-33_rock_117_beat_4-4_best_2bar_segment_17.mid,train,beat,117,4-4,1,0,0,21,rock
235,235,208,train\drummer7-session2-45_rock_135_beat_4-4_best_2bar_segment_11.mid,train,beat,135,4-4,1,0,0,30,rock
286,286,253,train\drummer8-session1-27_latin_122_beat_4-4_best_2bar_segment_35.mid,train,beat,122,4-4,1,0,0,50,latin
108,108,94,train\drummer1-session3-5_jazz-linear_128_beat_4-4_best_2bar_segment_61.mid,train,beat,128,4-4,1,0,0,57,jazz
384,384,341,validation\drummer8-session2-11_funk_81_beat_4-4_best_2bar_segment_56.mid,validation,beat,81,4-4,1,0,0,38,funk
386,386,343,validation\drummer8-session2-37_rock_112_beat_4-4_best_2bar_segment_17.mid,validation,beat,112,4-4,1,0,0,34,rock
269,269,239,train\drummer7-session3-91_neworleans-funk_93_beat_4-4_best_2bar_segment_1.mid,train,beat,93,4-4,1,0,0,57,neworleans
267,267,237,train\drummer7-session3-65_funk_112_beat_4-4_best_2bar_segment_13.mid,train,beat,112,4-4,1,0,0,38,funk
334,334,300,train\drummer9-session1-22_rock_120_beat_4-4_best_2bar_segment_7.mid,train,beat,120,4-4,1,0,0,0,rock
332,332,298,train\drummer9-session1-20_rock_120_beat_4-4_best_2bar_segment_8.mid,train,beat,120,4-4,1,0,0,0,rock
3,3,3,test\drummer1-eval_session-3_soul-groove3_86_beat_4-4_best_2bar_segment_6.mid,test,beat,86,4-4,1,0,0,53,soul
78,78,67,train\drummer1-session1-76_jazz-mediumfast_180_beat_4-4_best_2bar_segment_0.mid,train,beat,180,4-4,1,0,0,36,jazz
112,112,98,train\drummer1-session3-9_rock_135_beat_4-4_best_2bar_segment_5.mid,train,beat,135,4-4,1,0,0,0,rock
209,209,184,train\drummer6-session3-6_rock_88_beat_4-4_best_2bar_segment_19.mid,train,beat,88,4-4,1,0,0,25,rock
323,323,289,train\drummer8-session2-8_latin_95_beat_4-4_best_2bar_segment_5.mid,train,beat,95,4-4,1,0,0,47,latin
34,34,31,test\drummer7-session1-16_hiphop_100_beat_4-4_best_2bar_segment_3.mid,test,beat,100,4-4,1,0,0,28,hiphop
206,206,181,train\drummer6-session2-3_rock_88_beat_4-4_best_2bar_segment_57.mid,train,beat,88,4-4,1,0,0,56,rock
342,342,307,train\drummer9-session1-30_rock_90_beat_4-4_best_2bar_segment_0.mid,train,beat,90,4-4,1,0,0,13,rock
27,27,24,test\drummer7-eval_session-1_funk-groove1_138_beat_4-4_best_2bar_segment_6.mid,test,beat,138,4-4,1,0,0,54,funk
295,295,262,train\drummer8-session2-15_funk_95_beat_4-4_best_2bar_segment_13.mid,train,beat,95,4-4,1,0,0,37,funk
205,205,180,train\drummer6-session2-2_rock_95_beat_4-4_best_2bar_segment_31.mid,train,beat,95,4-4,1,0,0,31,rock
74,74,64,train\drummer1-session1-51_rock-shuffle_125_beat_4-4_best_2bar_segment_14.mid,train,beat,125,4-4,1,0,0,24,rock
143,143,124,train\drummer3-session1-5_rock_105_beat_4-4_best_2bar_segment_4.mid,train,beat,105,4-4,1,0,0,0,rock
300,300,266,train\drummer8-session2-22_rock_96_beat_4-4_best_2bar_segment_23.mid,train,beat,96,4-4,1,0,0,10,rock
302,302,268,train\drummer8-session2-25_latin_84_beat_4-4_best_2bar_segment_7.mid,train,beat,84,4-4,1,0,0,63,latin
212,212,187,train\drummer7-session1-12_funk_102_beat_4-4_best_2bar_segment_11.mid,train,beat,102,4-4,1,0,0,64,funk
230,230,204,train\drummer7-session2-24_rock_118_beat_4-4_best_2bar_segment_0.mid,train,beat,118,4-4,1,0,0,46,rock
45,45,41,test\drummer8-eval_session-3_soul-groove3_86_beat_4-4_best_2bar_segment_10.mid,test,beat,86,4-4,1,0,0,41,soul
49,49,45,test\drummer8-eval_session-9_soul-groove9_105_beat_4-4_best_2bar_segment_4.mid,test,beat,105,4-4,1,0,0,23,soul
214,214,189,train\drummer7-session1-17_hiphop_100_beat_4-4_best_2bar_segment_19.mid,train,beat,100,4-4,1,0,0,22,hiphop
322,322,288,train\drummer8-session2-7_latin_95_beat_4-4_best_2bar_segment_15.mid,train,beat,95,4-4,1,0,0,45,latin
346,346,311,train\drummer9-session1-9_rock_100_beat_4-4_best_2bar_segment_0.mid,train,beat,100,4-4,1,0,0,21,rock
244,244,216,train\drummer7-session2-87_hiphop_75_beat_4-4_best_2bar_segment_17.mid,train,beat,75,4-4,1,0,0,19,hiphop
236,236,209,train\drummer7-session2-54_soul-motown_148_beat_4-4_best_2bar_segment_2.mid,train,beat,148,4-4,1,0,0,12,soul
221,221,196,train\drummer7-session1-7_rock_93_beat_4-4_best_2bar_segment_5.mid,train,beat,93,4-4,1,0,0,9,rock
79,79,68,train\drummer1-session1-77_jazz-mediumfast_180_beat_4-4_best_2bar_segment_57.mid,train,beat,180,4-4,1,0,0,27,jazz
284,284,251,train\drummer8-session1-25_funk-latin_100_beat_4-4_best_2bar_segment_1.mid,train,beat,100,4-4,1,0,0,36,funk
262,262,232,train\drummer7-session3-46_rock-indie_63_beat_4-4_best_2bar_segment_2.mid,train,beat,63,4-4,1,0,0,33,rock
376,376,335,validation\drummer7-session2-15_rock_118_beat_4-4_best_2bar_segment_14.mid,validation,beat,118,4-4,1,0,0,37,rock
183,183,160,train\drummer5-session1-5_latin-brazilian-samba_89_beat_4-4_best_2bar_segment_1.mid,train,beat,89,4-4,1,0,0,54,latin
305,305,271,train\drummer8-session2-28_latin-bounce_106_beat_4-4_best_2bar_segment_62.mid,train,beat,106,4-4,1,0,0,38,latin
125,125,109,train\drummer2-session2-3_rock_130_beat_4-4_best_2bar_segment_2.mid,train,beat,130,4-4,1,0,0,3,rock
129,129,113,train\drummer2-session2-8_rock_130_beat_4-4_best_2bar_segment_15.mid,train,beat,130,4-4,1,0,0,29,rock
343,343,308,train\drummer9-session1-4_rock_100_beat_4-4_best_2bar_segment_1.mid,train,beat,100,4-4,1,0,0,0,rock
366,366,326,validation\drummer5-session2-17_latin-brazilian-samba_110_beat_4-4_best_2bar_segment_4.mid,validation,beat,110,4-4,1,0,0,48,latin
145,145,126,train\drummer3-session1-8_jazz_105_beat_4-4_best_2bar_segment_2.mid,train,beat,105,4-4,1,0,0,0,jazz
204,204,179,train\drummer6-session2-1_rock_95_beat_4-4_best_2bar_segment_31.mid,train,beat,95,4-4,1,0,0,29,rock
69,69,60,train\drummer1-session1-3_funk_80_beat_4-4_best_2bar_segment_6.mid,train,beat,80,4-4,1,0,0,52,funk
164,164,143,train\drummer3-session2-6_rock_100_beat_4-4_best_2bar_segment_4.mid,train,beat,100,4-4,1,0,0,22,rock
131,131,115,train\drummer3-session1-10_rock_105_beat_4-4_best_2bar_segment_0.mid,train,beat,105,4-4,1,0,0,29,rock
199,199,175,train\drummer5-session2-5_reggae_126_beat_4-4_best_2bar_segment_32.mid,train,beat,126,4-4,1,0,0,29,reggae
59,59,54,train\drummer1-session1-100_neworleans-secondline_94_beat_4-4_best_2bar_segment_10.mid,train,beat,94,4-4,1,0,0,69,neworleans
336,336,302,train\drummer9-session1-25_rock_90_beat_4-4_best_2bar_segment_3.mid,train,beat,90,4-4,1,0,0,55,rock
283,283,250,train\drummer8-session1-24_funk-latin_100_beat_4-4_best_2bar_segment_38.mid,train,beat,100,4-4,1,0,0,51,funk
82,82,71,train\drummer1-session1-81_dance-breakbeat_170_beat_4-4_best_2bar_segment_4.mid,train,beat,170,4-4,1,0,0,0,dance
