session,track,grooVAE_name,dualised_name,index,original_file_location,bpm,Syncopation,style
pauA2,0,pauA2_track00_drummer1-session1-183_afrocuban_105_beat_4-4_best_2bar_segment_15_original.mid,pauA2_track00_drummer1-session1-183_afrocuban_105_beat_4-4_best_2bar_segment_15_dualised.mid,56,train\drummer1-session1-183_afrocuban_105_beat_4-4_best_2bar_segment_15.mid,105,59,afrocuban
pauA2,1,pauA2_track01_drummer3-session2-21_rock_92_beat_4-4_best_2bar_segment_0_original.mid,pauA2_track01_drummer3-session2-21_rock_92_beat_4-4_best_2bar_segment_0_dualised.mid,131,train\drummer3-session2-21_rock_92_beat_4-4_best_2bar_segment_0.mid,92,12,rock
pauA2,2,pauA2_track02_drummer7-session1-1_rock_86_beat_4-4_best_2bar_segment_3_original.mid,pauA2_track02_drummer7-session1-1_rock_86_beat_4-4_best_2bar_segment_3_dualised.mid,191,train\drummer7-session1-1_rock_86_beat_4-4_best_2bar_segment_3.mid,86,16,rock
pauA2,3,pauA2_track03_drummer1-session3-2_jazz-swing_185_beat_4-4_best_2bar_segment_0_original.mid,pauA2_track03_drummer1-session3-2_jazz-swing_185_beat_4-4_best_2bar_segment_0_dualised.mid,91,train\drummer1-session3-2_jazz-swing_185_beat_4-4_best_2bar_segment_0.mid,185,11,jazz
pauA2,4,pauA2_track04_drummer1-session1-47_jazz_102_beat_4-4_best_2bar_segment_11_original.mid,pauA2_track04_drummer1-session1-47_jazz_102_beat_4-4_best_2bar_segment_11_dualised.mid,61,train\drummer1-session1-47_jazz_102_beat_4-4_best_2bar_segment_11.mid,102,8,jazz
pauA2,5,pauA2_track05_drummer8-eval_session-5_funk-groove5_84_beat_4-4_best_2bar_segment_1_original.mid,pauA2_track05_drummer8-eval_session-5_funk-groove5_84_beat_4-4_best_2bar_segment_1_dualised.mid,43,test\drummer8-eval_session-5_funk-groove5_84_beat_4-4_best_2bar_segment_1.mid,84,42,funk
pauA2,6,pauA2_track06_drummer3-session2-43_rock_110_beat_4-4_best_2bar_segment_0_original.mid,pauA2_track06_drummer3-session2-43_rock_110_beat_4-4_best_2bar_segment_0_dualised.mid,142,train\drummer3-session2-43_rock_110_beat_4-4_best_2bar_segment_0.mid,110,0,rock
pauA2,7,pauA2_track07_drummer1-session2-3_latin-chacarera_118_beat_4-4_best_2bar_segment_3_original.mid,pauA2_track07_drummer1-session2-3_latin-chacarera_118_beat_4-4_best_2bar_segment_3_dualised.mid,81,train\drummer1-session2-3_latin-chacarera_118_beat_4-4_best_2bar_segment_3.mid,118,26,latin
pauA2,8,pauA2_track08_drummer5-eval_session-4_soul-groove4_80_beat_4-4_best_2bar_segment_2_original.mid,pauA2_track08_drummer5-eval_session-4_soul-groove4_80_beat_4-4_best_2bar_segment_2_dualised.mid,16,test\drummer5-eval_session-4_soul-groove4_80_beat_4-4_best_2bar_segment_2.mid,80,12,soul
pauA2,9,pauA2_track09_drummer8-session2-23_rock_96_beat_4-4_best_2bar_segment_20_original.mid,pauA2_track09_drummer8-session2-23_rock_96_beat_4-4_best_2bar_segment_20_dualised.mid,49,test\drummer8-session2-23_rock_96_beat_4-4_best_2bar_segment_20.mid,96,8,rock
pauA2,10,pauA2_track10_drummer8-session2-26_dance-disco_137_beat_4-4_best_2bar_segment_32_original.mid,pauA2_track10_drummer8-session2-26_dance-disco_137_beat_4-4_best_2bar_segment_32_dualised.mid,269,train\drummer8-session2-26_dance-disco_137_beat_4-4_best_2bar_segment_32.mid,137,24,dance
pauA2,11,pauA2_track11_drummer7-session3-64_funk_112_beat_4-4_best_2bar_segment_8_original.mid,pauA2_track11_drummer7-session3-64_funk_112_beat_4-4_best_2bar_segment_8_dualised.mid,236,train\drummer7-session3-64_funk_112_beat_4-4_best_2bar_segment_8.mid,112,47,funk
pauA2,12,pauA2_track12_drummer6-session3-3_rock_100_beat_4-4_best_2bar_segment_26_original.mid,pauA2_track12_drummer6-session3-3_rock_100_beat_4-4_best_2bar_segment_26_dualised.mid,183,train\drummer6-session3-3_rock_100_beat_4-4_best_2bar_segment_26.mid,100,49,rock
pauA2,13,pauA2_track13_drummer7-session1-39_hiphop_100_beat_4-4_best_2bar_segment_6_original.mid,pauA2_track13_drummer7-session1-39_hiphop_100_beat_4-4_best_2bar_segment_6_dualised.mid,194,train\drummer7-session1-39_hiphop_100_beat_4-4_best_2bar_segment_6.mid,100,107,hiphop
pauA2,14,pauA2_track14_drummer8-session2-33_rock_117_beat_4-4_best_2bar_segment_17_original.mid,pauA2_track14_drummer8-session2-33_rock_117_beat_4-4_best_2bar_segment_17_dualised.mid,277,train\drummer8-session2-33_rock_117_beat_4-4_best_2bar_segment_17.mid,117,21,rock
pauA2,15,pauA2_track15_drummer7-session2-45_rock_135_beat_4-4_best_2bar_segment_11_original.mid,pauA2_track15_drummer7-session2-45_rock_135_beat_4-4_best_2bar_segment_11_dualised.mid,208,train\drummer7-session2-45_rock_135_beat_4-4_best_2bar_segment_11.mid,135,30,rock
pauA2,16,pauA2_track16_drummer8-session1-27_latin_122_beat_4-4_best_2bar_segment_35_original.mid,pauA2_track16_drummer8-session1-27_latin_122_beat_4-4_best_2bar_segment_35_dualised.mid,253,train\drummer8-session1-27_latin_122_beat_4-4_best_2bar_segment_35.mid,122,50,latin
pauA2,17,pauA2_track17_drummer1-session3-5_jazz-linear_128_beat_4-4_best_2bar_segment_61_original.mid,pauA2_track17_drummer1-session3-5_jazz-linear_128_beat_4-4_best_2bar_segment_61_dualised.mid,94,train\drummer1-session3-5_jazz-linear_128_beat_4-4_best_2bar_segment_61.mid,128,57,jazz
pauA2,18,pauA2_track18_drummer8-session2-11_funk_81_beat_4-4_best_2bar_segment_56_original.mid,pauA2_track18_drummer8-session2-11_funk_81_beat_4-4_best_2bar_segment_56_dualised.mid,341,validation\drummer8-session2-11_funk_81_beat_4-4_best_2bar_segment_56.mid,81,38,funk
pauA2,19,pauA2_track19_drummer8-session2-37_rock_112_beat_4-4_best_2bar_segment_17_original.mid,pauA2_track19_drummer8-session2-37_rock_112_beat_4-4_best_2bar_segment_17_dualised.mid,343,validation\drummer8-session2-37_rock_112_beat_4-4_best_2bar_segment_17.mid,112,34,rock
pauA2,20,pauA2_track20_drummer7-session3-91_neworleans-funk_93_beat_4-4_best_2bar_segment_1_original.mid,pauA2_track20_drummer7-session3-91_neworleans-funk_93_beat_4-4_best_2bar_segment_1_dualised.mid,239,train\drummer7-session3-91_neworleans-funk_93_beat_4-4_best_2bar_segment_1.mid,93,57,neworleans
pauA2,21,pauA2_track21_drummer7-session3-65_funk_112_beat_4-4_best_2bar_segment_13_original.mid,pauA2_track21_drummer7-session3-65_funk_112_beat_4-4_best_2bar_segment_13_dualised.mid,237,train\drummer7-session3-65_funk_112_beat_4-4_best_2bar_segment_13.mid,112,38,funk
pauA2,22,pauA2_track22_drummer9-session1-22_rock_120_beat_4-4_best_2bar_segment_7_original.mid,pauA2_track22_drummer9-session1-22_rock_120_beat_4-4_best_2bar_segment_7_dualised.mid,300,train\drummer9-session1-22_rock_120_beat_4-4_best_2bar_segment_7.mid,120,0,rock
pauA2,23,pauA2_track23_drummer9-session1-20_rock_120_beat_4-4_best_2bar_segment_8_original.mid,pauA2_track23_drummer9-session1-20_rock_120_beat_4-4_best_2bar_segment_8_dualised.mid,298,train\drummer9-session1-20_rock_120_beat_4-4_best_2bar_segment_8.mid,120,0,rock
pauA2,24,pauA2_track24_drummer1-eval_session-3_soul-groove3_86_beat_4-4_best_2bar_segment_6_original.mid,pauA2_track24_drummer1-eval_session-3_soul-groove3_86_beat_4-4_best_2bar_segment_6_dualised.mid,3,test\drummer1-eval_session-3_soul-groove3_86_beat_4-4_best_2bar_segment_6.mid,86,53,soul
pauA2,25,pauA2_track25_drummer1-session1-76_jazz-mediumfast_180_beat_4-4_best_2bar_segment_0_original.mid,pauA2_track25_drummer1-session1-76_jazz-mediumfast_180_beat_4-4_best_2bar_segment_0_dualised.mid,67,train\drummer1-session1-76_jazz-mediumfast_180_beat_4-4_best_2bar_segment_0.mid,180,36,jazz
pauA2,26,pauA2_track26_drummer1-session3-9_rock_135_beat_4-4_best_2bar_segment_5_original.mid,pauA2_track26_drummer1-session3-9_rock_135_beat_4-4_best_2bar_segment_5_dualised.mid,98,train\drummer1-session3-9_rock_135_beat_4-4_best_2bar_segment_5.mid,135,0,rock
pauA2,27,pauA2_track27_drummer6-session3-6_rock_88_beat_4-4_best_2bar_segment_19_original.mid,pauA2_track27_drummer6-session3-6_rock_88_beat_4-4_best_2bar_segment_19_dualised.mid,184,train\drummer6-session3-6_rock_88_beat_4-4_best_2bar_segment_19.mid,88,25,rock
pauA2,28,pauA2_track28_drummer8-session2-8_latin_95_beat_4-4_best_2bar_segment_5_original.mid,pauA2_track28_drummer8-session2-8_latin_95_beat_4-4_best_2bar_segment_5_dualised.mid,289,train\drummer8-session2-8_latin_95_beat_4-4_best_2bar_segment_5.mid,95,47,latin
pauA2,29,pauA2_track29_drummer7-session1-16_hiphop_100_beat_4-4_best_2bar_segment_3_original.mid,pauA2_track29_drummer7-session1-16_hiphop_100_beat_4-4_best_2bar_segment_3_dualised.mid,31,test\drummer7-session1-16_hiphop_100_beat_4-4_best_2bar_segment_3.mid,100,28,hiphop
pauA2,30,pauA2_track30_drummer6-session2-3_rock_88_beat_4-4_best_2bar_segment_57_original.mid,pauA2_track30_drummer6-session2-3_rock_88_beat_4-4_best_2bar_segment_57_dualised.mid,181,train\drummer6-session2-3_rock_88_beat_4-4_best_2bar_segment_57.mid,88,56,rock
pauA2,31,pauA2_track31_drummer9-session1-30_rock_90_beat_4-4_best_2bar_segment_0_original.mid,pauA2_track31_drummer9-session1-30_rock_90_beat_4-4_best_2bar_segment_0_dualised.mid,307,train\drummer9-session1-30_rock_90_beat_4-4_best_2bar_segment_0.mid,90,13,rock
pauA2,32,pauA2_track32_drummer7-eval_session-1_funk-groove1_138_beat_4-4_best_2bar_segment_6_original.mid,pauA2_track32_drummer7-eval_session-1_funk-groove1_138_beat_4-4_best_2bar_segment_6_dualised.mid,24,test\drummer7-eval_session-1_funk-groove1_138_beat_4-4_best_2bar_segment_6.mid,138,54,funk
pauA2,33,pauA2_track33_drummer8-session2-15_funk_95_beat_4-4_best_2bar_segment_13_original.mid,pauA2_track33_drummer8-session2-15_funk_95_beat_4-4_best_2bar_segment_13_dualised.mid,262,train\drummer8-session2-15_funk_95_beat_4-4_best_2bar_segment_13.mid,95,37,funk
pauA2,34,pauA2_track34_drummer6-session2-2_rock_95_beat_4-4_best_2bar_segment_31_original.mid,pauA2_track34_drummer6-session2-2_rock_95_beat_4-4_best_2bar_segment_31_dualised.mid,180,train\drummer6-session2-2_rock_95_beat_4-4_best_2bar_segment_31.mid,95,31,rock
pauA2,35,pauA2_track35_drummer1-session1-51_rock-shuffle_125_beat_4-4_best_2bar_segment_14_original.mid,pauA2_track35_drummer1-session1-51_rock-shuffle_125_beat_4-4_best_2bar_segment_14_dualised.mid,64,train\drummer1-session1-51_rock-shuffle_125_beat_4-4_best_2bar_segment_14.mid,125,24,rock
pauA2,36,pauA2_track36_drummer3-session1-5_rock_105_beat_4-4_best_2bar_segment_4_original.mid,pauA2_track36_drummer3-session1-5_rock_105_beat_4-4_best_2bar_segment_4_dualised.mid,124,train\drummer3-session1-5_rock_105_beat_4-4_best_2bar_segment_4.mid,105,0,rock
pauA2,37,pauA2_track37_drummer8-session2-22_rock_96_beat_4-4_best_2bar_segment_23_original.mid,pauA2_track37_drummer8-session2-22_rock_96_beat_4-4_best_2bar_segment_23_dualised.mid,266,train\drummer8-session2-22_rock_96_beat_4-4_best_2bar_segment_23.mid,96,10,rock
pauA2,38,pauA2_track38_drummer8-session2-25_latin_84_beat_4-4_best_2bar_segment_7_original.mid,pauA2_track38_drummer8-session2-25_latin_84_beat_4-4_best_2bar_segment_7_dualised.mid,268,train\drummer8-session2-25_latin_84_beat_4-4_best_2bar_segment_7.mid,84,63,latin
pauA2,39,pauA2_track39_drummer7-session1-12_funk_102_beat_4-4_best_2bar_segment_11_original.mid,pauA2_track39_drummer7-session1-12_funk_102_beat_4-4_best_2bar_segment_11_dualised.mid,187,train\drummer7-session1-12_funk_102_beat_4-4_best_2bar_segment_11.mid,102,64,funk
pauA2,40,pauA2_track40_drummer7-session2-24_rock_118_beat_4-4_best_2bar_segment_0_original.mid,pauA2_track40_drummer7-session2-24_rock_118_beat_4-4_best_2bar_segment_0_dualised.mid,204,train\drummer7-session2-24_rock_118_beat_4-4_best_2bar_segment_0.mid,118,46,rock
pauA2,41,pauA2_track41_drummer8-eval_session-3_soul-groove3_86_beat_4-4_best_2bar_segment_10_original.mid,pauA2_track41_drummer8-eval_session-3_soul-groove3_86_beat_4-4_best_2bar_segment_10_dualised.mid,41,test\drummer8-eval_session-3_soul-groove3_86_beat_4-4_best_2bar_segment_10.mid,86,41,soul
pauA2,42,pauA2_track42_drummer8-eval_session-9_soul-groove9_105_beat_4-4_best_2bar_segment_4_original.mid,pauA2_track42_drummer8-eval_session-9_soul-groove9_105_beat_4-4_best_2bar_segment_4_dualised.mid,45,test\drummer8-eval_session-9_soul-groove9_105_beat_4-4_best_2bar_segment_4.mid,105,23,soul
pauA2,43,pauA2_track43_drummer7-session1-17_hiphop_100_beat_4-4_best_2bar_segment_19_original.mid,pauA2_track43_drummer7-session1-17_hiphop_100_beat_4-4_best_2bar_segment_19_dualised.mid,189,train\drummer7-session1-17_hiphop_100_beat_4-4_best_2bar_segment_19.mid,100,22,hiphop
pauA2,44,pauA2_track44_drummer8-session2-7_latin_95_beat_4-4_best_2bar_segment_15_original.mid,pauA2_track44_drummer8-session2-7_latin_95_beat_4-4_best_2bar_segment_15_dualised.mid,288,train\drummer8-session2-7_latin_95_beat_4-4_best_2bar_segment_15.mid,95,45,latin
pauA2,45,pauA2_track45_drummer9-session1-9_rock_100_beat_4-4_best_2bar_segment_0_original.mid,pauA2_track45_drummer9-session1-9_rock_100_beat_4-4_best_2bar_segment_0_dualised.mid,311,train\drummer9-session1-9_rock_100_beat_4-4_best_2bar_segment_0.mid,100,21,rock
pauA2,46,pauA2_track46_drummer7-session2-87_hiphop_75_beat_4-4_best_2bar_segment_17_original.mid,pauA2_track46_drummer7-session2-87_hiphop_75_beat_4-4_best_2bar_segment_17_dualised.mid,216,train\drummer7-session2-87_hiphop_75_beat_4-4_best_2bar_segment_17.mid,75,19,hiphop
pauA2,47,pauA2_track47_drummer7-session2-54_soul-motown_148_beat_4-4_best_2bar_segment_2_original.mid,pauA2_track47_drummer7-session2-54_soul-motown_148_beat_4-4_best_2bar_segment_2_dualised.mid,209,train\drummer7-session2-54_soul-motown_148_beat_4-4_best_2bar_segment_2.mid,148,12,soul
pauA2,48,pauA2_track48_drummer7-session1-7_rock_93_beat_4-4_best_2bar_segment_5_original.mid,pauA2_track48_drummer7-session1-7_rock_93_beat_4-4_best_2bar_segment_5_dualised.mid,196,train\drummer7-session1-7_rock_93_beat_4-4_best_2bar_segment_5.mid,93,9,rock
pauA2,49,pauA2_track49_drummer1-session1-77_jazz-mediumfast_180_beat_4-4_best_2bar_segment_57_original.mid,pauA2_track49_drummer1-session1-77_jazz-mediumfast_180_beat_4-4_best_2bar_segment_57_dualised.mid,68,train\drummer1-session1-77_jazz-mediumfast_180_beat_4-4_best_2bar_segment_57.mid,180,27,jazz
pauA2,50,pauA2_track50_drummer8-session1-25_funk-latin_100_beat_4-4_best_2bar_segment_1_original.mid,pauA2_track50_drummer8-session1-25_funk-latin_100_beat_4-4_best_2bar_segment_1_dualised.mid,251,train\drummer8-session1-25_funk-latin_100_beat_4-4_best_2bar_segment_1.mid,100,36,funk
pauA2,51,pauA2_track51_drummer7-session3-46_rock-indie_63_beat_4-4_best_2bar_segment_2_original.mid,pauA2_track51_drummer7-session3-46_rock-indie_63_beat_4-4_best_2bar_segment_2_dualised.mid,232,train\drummer7-session3-46_rock-indie_63_beat_4-4_best_2bar_segment_2.mid,63,33,rock
pauA2,52,pauA2_track52_drummer7-session2-15_rock_118_beat_4-4_best_2bar_segment_14_original.mid,pauA2_track52_drummer7-session2-15_rock_118_beat_4-4_best_2bar_segment_14_dualised.mid,335,validation\drummer7-session2-15_rock_118_beat_4-4_best_2bar_segment_14.mid,118,37,rock
pauA2,53,pauA2_track53_drummer5-session1-5_latin-brazilian-samba_89_beat_4-4_best_2bar_segment_1_original.mid,pauA2_track53_drummer5-session1-5_latin-brazilian-samba_89_beat_4-4_best_2bar_segment_1_dualised.mid,160,train\drummer5-session1-5_latin-brazilian-samba_89_beat_4-4_best_2bar_segment_1.mid,89,54,latin
pauA2,54,pauA2_track54_drummer8-session2-28_latin-bounce_106_beat_4-4_best_2bar_segment_62_original.mid,pauA2_track54_drummer8-session2-28_latin-bounce_106_beat_4-4_best_2bar_segment_62_dualised.mid,271,train\drummer8-session2-28_latin-bounce_106_beat_4-4_best_2bar_segment_62.mid,106,38,latin
pauA2,55,pauA2_track55_drummer2-session2-3_rock_130_beat_4-4_best_2bar_segment_2_original.mid,pauA2_track55_drummer2-session2-3_rock_130_beat_4-4_best_2bar_segment_2_dualised.mid,109,train\drummer2-session2-3_rock_130_beat_4-4_best_2bar_segment_2.mid,130,3,rock
pauA2,56,pauA2_track56_drummer2-session2-8_rock_130_beat_4-4_best_2bar_segment_15_original.mid,pauA2_track56_drummer2-session2-8_rock_130_beat_4-4_best_2bar_segment_15_dualised.mid,113,train\drummer2-session2-8_rock_130_beat_4-4_best_2bar_segment_15.mid,130,29,rock
pauA2,57,pauA2_track57_drummer9-session1-4_rock_100_beat_4-4_best_2bar_segment_1_original.mid,pauA2_track57_drummer9-session1-4_rock_100_beat_4-4_best_2bar_segment_1_dualised.mid,308,train\drummer9-session1-4_rock_100_beat_4-4_best_2bar_segment_1.mid,100,0,rock
pauA2,58,pauA2_track58_drummer5-session2-17_latin-brazilian-samba_110_beat_4-4_best_2bar_segment_4_original.mid,pauA2_track58_drummer5-session2-17_latin-brazilian-samba_110_beat_4-4_best_2bar_segment_4_dualised.mid,326,validation\drummer5-session2-17_latin-brazilian-samba_110_beat_4-4_best_2bar_segment_4.mid,110,48,latin
pauA2,59,pauA2_track59_drummer3-session1-8_jazz_105_beat_4-4_best_2bar_segment_2_original.mid,pauA2_track59_drummer3-session1-8_jazz_105_beat_4-4_best_2bar_segment_2_dualised.mid,126,train\drummer3-session1-8_jazz_105_beat_4-4_best_2bar_segment_2.mid,105,0,jazz
pauA2,60,pauA2_track60_drummer6-session2-1_rock_95_beat_4-4_best_2bar_segment_31_original.mid,pauA2_track60_drummer6-session2-1_rock_95_beat_4-4_best_2bar_segment_31_dualised.mid,179,train\drummer6-session2-1_rock_95_beat_4-4_best_2bar_segment_31.mid,95,29,rock
pauA2,61,pauA2_track61_drummer1-session1-3_funk_80_beat_4-4_best_2bar_segment_6_original.mid,pauA2_track61_drummer1-session1-3_funk_80_beat_4-4_best_2bar_segment_6_dualised.mid,60,train\drummer1-session1-3_funk_80_beat_4-4_best_2bar_segment_6.mid,80,52,funk
pauA2,62,pauA2_track62_drummer3-session2-6_rock_100_beat_4-4_best_2bar_segment_4_original.mid,pauA2_track62_drummer3-session2-6_rock_100_beat_4-4_best_2bar_segment_4_dualised.mid,143,train\drummer3-session2-6_rock_100_beat_4-4_best_2bar_segment_4.mid,100,22,rock
pauA2,63,pauA2_track63_drummer3-session1-10_rock_105_beat_4-4_best_2bar_segment_0_original.mid,pauA2_track63_drummer3-session1-10_rock_105_beat_4-4_best_2bar_segment_0_dualised.mid,115,train\drummer3-session1-10_rock_105_beat_4-4_best_2bar_segment_0.mid,105,29,rock
pauA2,64,pauA2_track64_drummer5-session2-5_reggae_126_beat_4-4_best_2bar_segment_32_original.mid,pauA2_track64_drummer5-session2-5_reggae_126_beat_4-4_best_2bar_segment_32_dualised.mid,175,train\drummer5-session2-5_reggae_126_beat_4-4_best_2bar_segment_32.mid,126,29,reggae
pauA2,65,pauA2_track65_drummer1-session1-100_neworleans-secondline_94_beat_4-4_best_2bar_segment_10_original.mid,pauA2_track65_drummer1-session1-100_neworleans-secondline_94_beat_4-4_best_2bar_segment_10_dualised.mid,54,train\drummer1-session1-100_neworleans-secondline_94_beat_4-4_best_2bar_segment_10.mid,94,69,neworleans
pauA2,66,pauA2_track66_drummer9-session1-25_rock_90_beat_4-4_best_2bar_segment_3_original.mid,pauA2_track66_drummer9-session1-25_rock_90_beat_4-4_best_2bar_segment_3_dualised.mid,302,train\drummer9-session1-25_rock_90_beat_4-4_best_2bar_segment_3.mid,90,55,rock
pauA2,67,pauA2_track67_drummer8-session1-24_funk-latin_100_beat_4-4_best_2bar_segment_38_original.mid,pauA2_track67_drummer8-session1-24_funk-latin_100_beat_4-4_best_2bar_segment_38_dualised.mid,250,train\drummer8-session1-24_funk-latin_100_beat_4-4_best_2bar_segment_38.mid,100,51,funk
pauA2,68,pauA2_track68_drummer1-session1-81_dance-breakbeat_170_beat_4-4_best_2bar_segment_4_original.mid,pauA2_track68_drummer1-session1-81_dance-breakbeat_170_beat_4-4_best_2bar_segment_4_dualised.mid,71,train\drummer1-session1-81_dance-breakbeat_170_beat_4-4_best_2bar_segment_4.mid,170,0,dance
