session,track,grooVAE_name,dualised_name,index,original_file_location,bpm,Syncopation,style
repetition2,0,repetition2_track00_drummer7-session3-131_soul_105_beat_4-4_best_2bar_segment_9_original.mid,repetition2_track00_drummer7-session3-131_soul_105_beat_4-4_best_2bar_segment_9_dualised.mid,226,train\drummer7-session3-131_soul_105_beat_4-4_best_2bar_segment_9.mid,105,45,soul
repetition2,1,repetition2_track01_drummer1-session1-202_rock-halftime_140_beat_4-4_best_2bar_segment_10_original.mid,repetition2_track01_drummer1-session1-202_rock-halftime_140_beat_4-4_best_2bar_segment_10_dualised.mid,59,train\drummer1-session1-202_rock-halftime_140_beat_4-4_best_2bar_segment_10.mid,140,5,rock
repetition2,2,repetition2_track02_drummer7-session1-38_hiphop_100_beat_4-4_best_2bar_segment_1_original.mid,repetition2_track02_drummer7-session1-38_hiphop_100_beat_4-4_best_2bar_segment_1_dualised.mid,193,train\drummer7-session1-38_hiphop_100_beat_4-4_best_2bar_segment_1.mid,100,108,hiphop
repetition2,3,repetition2_track03_drummer7-session1-22_hiphop_100_beat_4-4_best_2bar_segment_2_original.mid,repetition2_track03_drummer7-session1-22_hiphop_100_beat_4-4_best_2bar_segment_2_dualised.mid,192,train\drummer7-session1-22_hiphop_100_beat_4-4_best_2bar_segment_2.mid,100,32,hiphop
repetition2,4,repetition2_track04_drummer5-session2-3_latin-brazilian_101_beat_4-4_best_2bar_segment_25_original.mid,repetition2_track04_drummer5-session2-3_latin-brazilian_101_beat_4-4_best_2bar_segment_25_dualised.mid,174,train\drummer5-session2-3_latin-brazilian_101_beat_4-4_best_2bar_segment_25.mid,101,75,latin
repetition2,5,repetition2_track05_drummer1-session1-184_reggae_78_beat_4-4_best_2bar_segment_8_original.mid,repetition2_track05_drummer1-session1-184_reggae_78_beat_4-4_best_2bar_segment_8_dualised.mid,57,train\drummer1-session1-184_reggae_78_beat_4-4_best_2bar_segment_8.mid,78,0,reggae
repetition2,6,repetition2_track06_drummer1-session3-6_dance-disco_120_beat_4-4_best_2bar_segment_68_original.mid,repetition2_track06_drummer1-session3-6_dance-disco_120_beat_4-4_best_2bar_segment_68_dualised.mid,95,train\drummer1-session3-6_dance-disco_120_beat_4-4_best_2bar_segment_68.mid,120,14,dance
repetition2,7,repetition2_track07_drummer7-session1-38_hiphop_100_beat_4-4_best_2bar_segment_1_original.mid,repetition2_track07_drummer7-session1-38_hiphop_100_beat_4-4_best_2bar_segment_1_dualised.mid,193,train\drummer7-session1-38_hiphop_100_beat_4-4_best_2bar_segment_1.mid,100,108,hiphop
repetition2,8,repetition2_track08_drummer5-session1-3_latin-brazilian-samba_89_beat_4-4_best_2bar_segment_15_original.mid,repetition2_track08_drummer5-session1-3_latin-brazilian-samba_89_beat_4-4_best_2bar_segment_15_dualised.mid,159,train\drummer5-session1-3_latin-brazilian-samba_89_beat_4-4_best_2bar_segment_15.mid,89,54,latin
repetition2,9,repetition2_track09_drummer1-session1-4_jazz-funk_116_beat_4-4_best_2bar_segment_5_original.mid,repetition2_track09_drummer1-session1-4_jazz-funk_116_beat_4-4_best_2bar_segment_5_dualised.mid,7,test\drummer1-session1-4_jazz-funk_116_beat_4-4_best_2bar_segment_5.mid,116,70,jazz
repetition2,10,repetition2_track10_drummer7-session2-96_pop_142_beat_4-4_best_2bar_segment_24_original.mid,repetition2_track10_drummer7-session2-96_pop_142_beat_4-4_best_2bar_segment_24_dualised.mid,338,validation\drummer7-session2-96_pop_142_beat_4-4_best_2bar_segment_24.mid,142,6,pop
repetition2,11,repetition2_track11_drummer5-eval_session-5_funk-groove5_84_beat_4-4_best_2bar_segment_6_original.mid,repetition2_track11_drummer5-eval_session-5_funk-groove5_84_beat_4-4_best_2bar_segment_6_dualised.mid,17,test\drummer5-eval_session-5_funk-groove5_84_beat_4-4_best_2bar_segment_6.mid,84,57,funk
repetition2,12,repetition2_track12_drummer1-session1-4_jazz-funk_116_beat_4-4_best_2bar_segment_5_original.mid,repetition2_track12_drummer1-session1-4_jazz-funk_116_beat_4-4_best_2bar_segment_5_dualised.mid,7,test\drummer1-session1-4_jazz-funk_116_beat_4-4_best_2bar_segment_5.mid,116,70,jazz
repetition2,13,repetition2_track13_drummer5-session2-9_neworleans-shuffle_104_beat_4-4_best_2bar_segment_5_original.mid,repetition2_track13_drummer5-session2-9_neworleans-shuffle_104_beat_4-4_best_2bar_segment_5_dualised.mid,178,train\drummer5-session2-9_neworleans-shuffle_104_beat_4-4_best_2bar_segment_5.mid,104,68,neworleans
repetition2,14,repetition2_track14_drummer1-session3-6_dance-disco_120_beat_4-4_best_2bar_segment_68_original.mid,repetition2_track14_drummer1-session3-6_dance-disco_120_beat_4-4_best_2bar_segment_68_dualised.mid,95,train\drummer1-session3-6_dance-disco_120_beat_4-4_best_2bar_segment_68.mid,120,14,dance
repetition2,15,repetition2_track15_drummer8-session2-24_latin_84_beat_4-4_best_2bar_segment_32_original.mid,repetition2_track15_drummer8-session2-24_latin_84_beat_4-4_best_2bar_segment_32_dualised.mid,267,train\drummer8-session2-24_latin_84_beat_4-4_best_2bar_segment_32.mid,84,80,latin
repetition2,16,repetition2_track16_drummer8-session2-13_afrobeat_103_beat_4-4_best_2bar_segment_20_original.mid,repetition2_track16_drummer8-session2-13_afrobeat_103_beat_4-4_best_2bar_segment_20_dualised.mid,260,train\drummer8-session2-13_afrobeat_103_beat_4-4_best_2bar_segment_20.mid,103,34,afrobeat
repetition2,17,repetition2_track17_drummer1-session1-38_latin-samba_116_beat_4-4_best_2bar_segment_25_original.mid,repetition2_track17_drummer1-session1-38_latin-samba_116_beat_4-4_best_2bar_segment_25_dualised.mid,314,validation\drummer1-session1-38_latin-samba_116_beat_4-4_best_2bar_segment_25.mid,116,66,latin
repetition2,18,repetition2_track18_drummer5-session2-9_neworleans-shuffle_104_beat_4-4_best_2bar_segment_5_original.mid,repetition2_track18_drummer5-session2-9_neworleans-shuffle_104_beat_4-4_best_2bar_segment_5_dualised.mid,178,train\drummer5-session2-9_neworleans-shuffle_104_beat_4-4_best_2bar_segment_5.mid,104,68,neworleans
repetition2,19,repetition2_track19_drummer5-session2-3_latin-brazilian_101_beat_4-4_best_2bar_segment_25_original.mid,repetition2_track19_drummer5-session2-3_latin-brazilian_101_beat_4-4_best_2bar_segment_25_dualised.mid,174,train\drummer5-session2-3_latin-brazilian_101_beat_4-4_best_2bar_segment_25.mid,101,75,latin
repetition2,20,repetition2_track20_drummer1-session1-202_rock-halftime_140_beat_4-4_best_2bar_segment_10_original.mid,repetition2_track20_drummer1-session1-202_rock-halftime_140_beat_4-4_best_2bar_segment_10_dualised.mid,59,train\drummer1-session1-202_rock-halftime_140_beat_4-4_best_2bar_segment_10.mid,140,5,rock
repetition2,21,repetition2_track21_drummer7-session3-131_soul_105_beat_4-4_best_2bar_segment_9_original.mid,repetition2_track21_drummer7-session3-131_soul_105_beat_4-4_best_2bar_segment_9_dualised.mid,226,train\drummer7-session3-131_soul_105_beat_4-4_best_2bar_segment_9.mid,105,45,soul
repetition2,22,repetition2_track22_drummer5-session2-3_latin-brazilian_101_beat_4-4_best_2bar_segment_25_original.mid,repetition2_track22_drummer5-session2-3_latin-brazilian_101_beat_4-4_best_2bar_segment_25_dualised.mid,174,train\drummer5-session2-3_latin-brazilian_101_beat_4-4_best_2bar_segment_25.mid,101,75,latin
repetition2,23,repetition2_track23_drummer7-session2-1_rock_120_beat_4-4_best_2bar_segment_0_original.mid,repetition2_track23_drummer7-session2-1_rock_120_beat_4-4_best_2bar_segment_0_dualised.mid,203,train\drummer7-session2-1_rock_120_beat_4-4_best_2bar_segment_0.mid,120,40,rock
repetition2,24,repetition2_track24_drummer7-session1-15_jazz_112_beat_4-4_best_2bar_segment_25_original.mid,repetition2_track24_drummer7-session1-15_jazz_112_beat_4-4_best_2bar_segment_25_dualised.mid,188,train\drummer7-session1-15_jazz_112_beat_4-4_best_2bar_segment_25.mid,112,7,jazz
repetition2,25,repetition2_track25_drummer7-session1-15_jazz_112_beat_4-4_best_2bar_segment_25_original.mid,repetition2_track25_drummer7-session1-15_jazz_112_beat_4-4_best_2bar_segment_25_dualised.mid,188,train\drummer7-session1-15_jazz_112_beat_4-4_best_2bar_segment_25.mid,112,7,jazz
repetition2,26,repetition2_track26_drummer8-session2-24_latin_84_beat_4-4_best_2bar_segment_32_original.mid,repetition2_track26_drummer8-session2-24_latin_84_beat_4-4_best_2bar_segment_32_dualised.mid,267,train\drummer8-session2-24_latin_84_beat_4-4_best_2bar_segment_32.mid,84,80,latin
repetition2,27,repetition2_track27_drummer7-session2-1_rock_120_beat_4-4_best_2bar_segment_0_original.mid,repetition2_track27_drummer7-session2-1_rock_120_beat_4-4_best_2bar_segment_0_dualised.mid,203,train\drummer7-session2-1_rock_120_beat_4-4_best_2bar_segment_0.mid,120,40,rock
repetition2,28,repetition2_track28_drummer7-session2-92_hiphop_75_beat_4-4_best_2bar_segment_0_original.mid,repetition2_track28_drummer7-session2-92_hiphop_75_beat_4-4_best_2bar_segment_0_dualised.mid,217,train\drummer7-session2-92_hiphop_75_beat_4-4_best_2bar_segment_0.mid,75,36,hiphop
repetition2,29,repetition2_track29_drummer5-eval_session-5_funk-groove5_84_beat_4-4_best_2bar_segment_6_original.mid,repetition2_track29_drummer5-eval_session-5_funk-groove5_84_beat_4-4_best_2bar_segment_6_dualised.mid,17,test\drummer5-eval_session-5_funk-groove5_84_beat_4-4_best_2bar_segment_6.mid,84,57,funk
repetition2,30,repetition2_track30_drummer1-session1-4_jazz-funk_116_beat_4-4_best_2bar_segment_5_original.mid,repetition2_track30_drummer1-session1-4_jazz-funk_116_beat_4-4_best_2bar_segment_5_dualised.mid,7,test\drummer1-session1-4_jazz-funk_116_beat_4-4_best_2bar_segment_5.mid,116,70,jazz
repetition2,31,repetition2_track31_drummer7-session3-131_soul_105_beat_4-4_best_2bar_segment_9_original.mid,repetition2_track31_drummer7-session3-131_soul_105_beat_4-4_best_2bar_segment_9_dualised.mid,226,train\drummer7-session3-131_soul_105_beat_4-4_best_2bar_segment_9.mid,105,45,soul
repetition2,32,repetition2_track32_drummer7-session1-22_hiphop_100_beat_4-4_best_2bar_segment_2_original.mid,repetition2_track32_drummer7-session1-22_hiphop_100_beat_4-4_best_2bar_segment_2_dualised.mid,192,train\drummer7-session1-22_hiphop_100_beat_4-4_best_2bar_segment_2.mid,100,32,hiphop
repetition2,33,repetition2_track33_drummer7-session1-38_hiphop_100_beat_4-4_best_2bar_segment_1_original.mid,repetition2_track33_drummer7-session1-38_hiphop_100_beat_4-4_best_2bar_segment_1_dualised.mid,193,train\drummer7-session1-38_hiphop_100_beat_4-4_best_2bar_segment_1.mid,100,108,hiphop
repetition2,34,repetition2_track34_drummer7-session1-8_rock_93_beat_4-4_best_2bar_segment_5_original.mid,repetition2_track34_drummer7-session1-8_rock_93_beat_4-4_best_2bar_segment_5_dualised.mid,197,train\drummer7-session1-8_rock_93_beat_4-4_best_2bar_segment_5.mid,93,0,rock
repetition2,35,repetition2_track35_drummer5-session2-9_neworleans-shuffle_104_beat_4-4_best_2bar_segment_5_original.mid,repetition2_track35_drummer5-session2-9_neworleans-shuffle_104_beat_4-4_best_2bar_segment_5_dualised.mid,178,train\drummer5-session2-9_neworleans-shuffle_104_beat_4-4_best_2bar_segment_5.mid,104,68,neworleans
repetition2,36,repetition2_track36_drummer10-session1-9_jazz-swing_110_beat_4-4_best_2bar_segment_15_original.mid,repetition2_track36_drummer10-session1-9_jazz-swing_110_beat_4-4_best_2bar_segment_15_dualised.mid,107,train\drummer10-session1-9_jazz-swing_110_beat_4-4_best_2bar_segment_15.mid,110,36,jazz
repetition2,37,repetition2_track37_drummer7-session1-15_jazz_112_beat_4-4_best_2bar_segment_25_original.mid,repetition2_track37_drummer7-session1-15_jazz_112_beat_4-4_best_2bar_segment_25_dualised.mid,188,train\drummer7-session1-15_jazz_112_beat_4-4_best_2bar_segment_25.mid,112,7,jazz
repetition2,38,repetition2_track38_drummer1-eval_session-4_soul-groove4_80_beat_4-4_best_2bar_segment_6_original.mid,repetition2_track38_drummer1-eval_session-4_soul-groove4_80_beat_4-4_best_2bar_segment_6_dualised.mid,4,test\drummer1-eval_session-4_soul-groove4_80_beat_4-4_best_2bar_segment_6.mid,80,0,soul
repetition2,39,repetition2_track39_drummer7-session1-22_hiphop_100_beat_4-4_best_2bar_segment_2_original.mid,repetition2_track39_drummer7-session1-22_hiphop_100_beat_4-4_best_2bar_segment_2_dualised.mid,192,train\drummer7-session1-22_hiphop_100_beat_4-4_best_2bar_segment_2.mid,100,32,hiphop
repetition2,40,repetition2_track40_drummer1-eval_session-4_soul-groove4_80_beat_4-4_best_2bar_segment_6_original.mid,repetition2_track40_drummer1-eval_session-4_soul-groove4_80_beat_4-4_best_2bar_segment_6_dualised.mid,4,test\drummer1-eval_session-4_soul-groove4_80_beat_4-4_best_2bar_segment_6.mid,80,0,soul
repetition2,41,repetition2_track41_drummer7-eval_session-5_funk-groove5_84_beat_4-4_best_2bar_segment_9_original.mid,repetition2_track41_drummer7-eval_session-5_funk-groove5_84_beat_4-4_best_2bar_segment_9_dualised.mid,27,test\drummer7-eval_session-5_funk-groove5_84_beat_4-4_best_2bar_segment_9.mid,84,39,funk
repetition2,42,repetition2_track42_drummer7-session2-92_hiphop_75_beat_4-4_best_2bar_segment_0_original.mid,repetition2_track42_drummer7-session2-92_hiphop_75_beat_4-4_best_2bar_segment_0_dualised.mid,217,train\drummer7-session2-92_hiphop_75_beat_4-4_best_2bar_segment_0.mid,75,36,hiphop
repetition2,43,repetition2_track43_drummer1-session3-6_dance-disco_120_beat_4-4_best_2bar_segment_68_original.mid,repetition2_track43_drummer1-session3-6_dance-disco_120_beat_4-4_best_2bar_segment_68_dualised.mid,95,train\drummer1-session3-6_dance-disco_120_beat_4-4_best_2bar_segment_68.mid,120,14,dance
repetition2,44,repetition2_track44_drummer1-session2-32_punk_140_beat_4-4_best_2bar_segment_16_original.mid,repetition2_track44_drummer1-session2-32_punk_140_beat_4-4_best_2bar_segment_16_dualised.mid,79,train\drummer1-session2-32_punk_140_beat_4-4_best_2bar_segment_16.mid,140,30,punk
repetition2,45,repetition2_track45_drummer8-session2-13_afrobeat_103_beat_4-4_best_2bar_segment_20_original.mid,repetition2_track45_drummer8-session2-13_afrobeat_103_beat_4-4_best_2bar_segment_20_dualised.mid,260,train\drummer8-session2-13_afrobeat_103_beat_4-4_best_2bar_segment_20.mid,103,34,afrobeat
repetition2,46,repetition2_track46_drummer1-session2-32_punk_140_beat_4-4_best_2bar_segment_16_original.mid,repetition2_track46_drummer1-session2-32_punk_140_beat_4-4_best_2bar_segment_16_dualised.mid,79,train\drummer1-session2-32_punk_140_beat_4-4_best_2bar_segment_16.mid,140,30,punk
repetition2,47,repetition2_track47_drummer10-session1-9_jazz-swing_110_beat_4-4_best_2bar_segment_15_original.mid,repetition2_track47_drummer10-session1-9_jazz-swing_110_beat_4-4_best_2bar_segment_15_dualised.mid,107,train\drummer10-session1-9_jazz-swing_110_beat_4-4_best_2bar_segment_15.mid,110,36,jazz
repetition2,48,repetition2_track48_drummer5-session1-3_latin-brazilian-samba_89_beat_4-4_best_2bar_segment_15_original.mid,repetition2_track48_drummer5-session1-3_latin-brazilian-samba_89_beat_4-4_best_2bar_segment_15_dualised.mid,159,train\drummer5-session1-3_latin-brazilian-samba_89_beat_4-4_best_2bar_segment_15.mid,89,54,latin
repetition2,49,repetition2_track49_drummer1-eval_session-4_soul-groove4_80_beat_4-4_best_2bar_segment_6_original.mid,repetition2_track49_drummer1-eval_session-4_soul-groove4_80_beat_4-4_best_2bar_segment_6_dualised.mid,4,test\drummer1-eval_session-4_soul-groove4_80_beat_4-4_best_2bar_segment_6.mid,80,0,soul
repetition2,50,repetition2_track50_drummer7-eval_session-5_funk-groove5_84_beat_4-4_best_2bar_segment_9_original.mid,repetition2_track50_drummer7-eval_session-5_funk-groove5_84_beat_4-4_best_2bar_segment_9_dualised.mid,27,test\drummer7-eval_session-5_funk-groove5_84_beat_4-4_best_2bar_segment_9.mid,84,39,funk
repetition2,51,repetition2_track51_drummer5-session1-18_afrocuban_128_beat_4-4_best_2bar_segment_61_original.mid,repetition2_track51_drummer5-session1-18_afrocuban_128_beat_4-4_best_2bar_segment_61_dualised.mid,155,train\drummer5-session1-18_afrocuban_128_beat_4-4_best_2bar_segment_61.mid,128,46,afrocuban
repetition2,52,repetition2_track52_drummer7-eval_session-5_funk-groove5_84_beat_4-4_best_2bar_segment_9_original.mid,repetition2_track52_drummer7-eval_session-5_funk-groove5_84_beat_4-4_best_2bar_segment_9_dualised.mid,27,test\drummer7-eval_session-5_funk-groove5_84_beat_4-4_best_2bar_segment_9.mid,84,39,funk
repetition2,53,repetition2_track53_drummer5-session1-18_afrocuban_128_beat_4-4_best_2bar_segment_61_original.mid,repetition2_track53_drummer5-session1-18_afrocuban_128_beat_4-4_best_2bar_segment_61_dualised.mid,155,train\drummer5-session1-18_afrocuban_128_beat_4-4_best_2bar_segment_61.mid,128,46,afrocuban
repetition2,54,repetition2_track54_drummer8-session2-13_afrobeat_103_beat_4-4_best_2bar_segment_20_original.mid,repetition2_track54_drummer8-session2-13_afrobeat_103_beat_4-4_best_2bar_segment_20_dualised.mid,260,train\drummer8-session2-13_afrobeat_103_beat_4-4_best_2bar_segment_20.mid,103,34,afrobeat
repetition2,55,repetition2_track55_drummer7-session2-1_rock_120_beat_4-4_best_2bar_segment_0_original.mid,repetition2_track55_drummer7-session2-1_rock_120_beat_4-4_best_2bar_segment_0_dualised.mid,203,train\drummer7-session2-1_rock_120_beat_4-4_best_2bar_segment_0.mid,120,40,rock
repetition2,56,repetition2_track56_drummer5-session1-3_latin-brazilian-samba_89_beat_4-4_best_2bar_segment_15_original.mid,repetition2_track56_drummer5-session1-3_latin-brazilian-samba_89_beat_4-4_best_2bar_segment_15_dualised.mid,159,train\drummer5-session1-3_latin-brazilian-samba_89_beat_4-4_best_2bar_segment_15.mid,89,54,latin
repetition2,57,repetition2_track57_drummer5-eval_session-5_funk-groove5_84_beat_4-4_best_2bar_segment_6_original.mid,repetition2_track57_drummer5-eval_session-5_funk-groove5_84_beat_4-4_best_2bar_segment_6_dualised.mid,17,test\drummer5-eval_session-5_funk-groove5_84_beat_4-4_best_2bar_segment_6.mid,84,57,funk
repetition2,58,repetition2_track58_drummer1-session2-32_punk_140_beat_4-4_best_2bar_segment_16_original.mid,repetition2_track58_drummer1-session2-32_punk_140_beat_4-4_best_2bar_segment_16_dualised.mid,79,train\drummer1-session2-32_punk_140_beat_4-4_best_2bar_segment_16.mid,140,30,punk
repetition2,59,repetition2_track59_drummer8-session2-24_latin_84_beat_4-4_best_2bar_segment_32_original.mid,repetition2_track59_drummer8-session2-24_latin_84_beat_4-4_best_2bar_segment_32_dualised.mid,267,train\drummer8-session2-24_latin_84_beat_4-4_best_2bar_segment_32.mid,84,80,latin
repetition2,60,repetition2_track60_drummer10-session1-9_jazz-swing_110_beat_4-4_best_2bar_segment_15_original.mid,repetition2_track60_drummer10-session1-9_jazz-swing_110_beat_4-4_best_2bar_segment_15_dualised.mid,107,train\drummer10-session1-9_jazz-swing_110_beat_4-4_best_2bar_segment_15.mid,110,36,jazz
repetition2,61,repetition2_track61_drummer5-session1-18_afrocuban_128_beat_4-4_best_2bar_segment_61_original.mid,repetition2_track61_drummer5-session1-18_afrocuban_128_beat_4-4_best_2bar_segment_61_dualised.mid,155,train\drummer5-session1-18_afrocuban_128_beat_4-4_best_2bar_segment_61.mid,128,46,afrocuban
repetition2,62,repetition2_track62_drummer1-session1-184_reggae_78_beat_4-4_best_2bar_segment_8_original.mid,repetition2_track62_drummer1-session1-184_reggae_78_beat_4-4_best_2bar_segment_8_dualised.mid,57,train\drummer1-session1-184_reggae_78_beat_4-4_best_2bar_segment_8.mid,78,0,reggae
repetition2,63,repetition2_track63_drummer1-session1-38_latin-samba_116_beat_4-4_best_2bar_segment_25_original.mid,repetition2_track63_drummer1-session1-38_latin-samba_116_beat_4-4_best_2bar_segment_25_dualised.mid,314,validation\drummer1-session1-38_latin-samba_116_beat_4-4_best_2bar_segment_25.mid,116,66,latin
repetition2,64,repetition2_track64_drummer7-session1-8_rock_93_beat_4-4_best_2bar_segment_5_original.mid,repetition2_track64_drummer7-session1-8_rock_93_beat_4-4_best_2bar_segment_5_dualised.mid,197,train\drummer7-session1-8_rock_93_beat_4-4_best_2bar_segment_5.mid,93,0,rock
repetition2,65,repetition2_track65_drummer7-session1-8_rock_93_beat_4-4_best_2bar_segment_5_original.mid,repetition2_track65_drummer7-session1-8_rock_93_beat_4-4_best_2bar_segment_5_dualised.mid,197,train\drummer7-session1-8_rock_93_beat_4-4_best_2bar_segment_5.mid,93,0,rock
repetition2,66,repetition2_track66_drummer1-session1-202_rock-halftime_140_beat_4-4_best_2bar_segment_10_original.mid,repetition2_track66_drummer1-session1-202_rock-halftime_140_beat_4-4_best_2bar_segment_10_dualised.mid,59,train\drummer1-session1-202_rock-halftime_140_beat_4-4_best_2bar_segment_10.mid,140,5,rock
repetition2,67,repetition2_track67_drummer7-session2-96_pop_142_beat_4-4_best_2bar_segment_24_original.mid,repetition2_track67_drummer7-session2-96_pop_142_beat_4-4_best_2bar_segment_24_dualised.mid,338,validation\drummer7-session2-96_pop_142_beat_4-4_best_2bar_segment_24.mid,142,6,pop
repetition2,68,repetition2_track68_drummer1-session1-38_latin-samba_116_beat_4-4_best_2bar_segment_25_original.mid,repetition2_track68_drummer1-session1-38_latin-samba_116_beat_4-4_best_2bar_segment_25_dualised.mid,314,validation\drummer1-session1-38_latin-samba_116_beat_4-4_best_2bar_segment_25.mid,116,66,latin
repetition2,69,repetition2_track69_drummer1-session1-184_reggae_78_beat_4-4_best_2bar_segment_8_original.mid,repetition2_track69_drummer1-session1-184_reggae_78_beat_4-4_best_2bar_segment_8_dualised.mid,57,train\drummer1-session1-184_reggae_78_beat_4-4_best_2bar_segment_8.mid,78,0,reggae
repetition2,70,repetition2_track70_drummer7-session2-96_pop_142_beat_4-4_best_2bar_segment_24_original.mid,repetition2_track70_drummer7-session2-96_pop_142_beat_4-4_best_2bar_segment_24_dualised.mid,338,validation\drummer7-session2-96_pop_142_beat_4-4_best_2bar_segment_24.mid,142,6,pop
repetition2,71,repetition2_track71_drummer7-session2-92_hiphop_75_beat_4-4_best_2bar_segment_0_original.mid,repetition2_track71_drummer7-session2-92_hiphop_75_beat_4-4_best_2bar_segment_0_dualised.mid,217,train\drummer7-session2-92_hiphop_75_beat_4-4_best_2bar_segment_0.mid,75,36,hiphop
