,index,file_name,split,beat_type,bpm,time_signature,good,maybe,bad,Syncopation,style
50,226,train\drummer7-session3-131_soul_105_beat_4-4_best_2bar_segment_9.mid,train,beat,105,4-4,1,0,0,45,soul
4,59,train\drummer1-session1-202_rock-halftime_140_beat_4-4_best_2bar_segment_10.mid,train,beat,140,4-4,1,0,0,5,rock
71,193,train\drummer7-session1-38_hiphop_100_beat_4-4_best_2bar_segment_1.mid,train,beat,100,4-4,1,0,0,108,hiphop
29,192,train\drummer7-session1-22_hiphop_100_beat_4-4_best_2bar_segment_2.mid,train,beat,100,4-4,1,0,0,32,hiphop
67,174,train\drummer5-session2-3_latin-brazilian_101_beat_4-4_best_2bar_segment_25.mid,train,beat,101,4-4,1,0,0,75,latin
1,57,train\drummer1-session1-184_reggae_78_beat_4-4_best_2bar_segment_8.mid,train,beat,78,4-4,1,0,0,0,reggae
9,95,train\drummer1-session3-6_dance-disco_120_beat_4-4_best_2bar_segment_68.mid,train,beat,120,4-4,1,0,0,14,dance
71,193,train\drummer7-session1-38_hiphop_100_beat_4-4_best_2bar_segment_1.mid,train,beat,100,4-4,1,0,0,108,hiphop
56,159,train\drummer5-session1-3_latin-brazilian-samba_89_beat_4-4_best_2bar_segment_15.mid,train,beat,89,4-4,1,0,0,54,latin
65,7,test\drummer1-session1-4_jazz-funk_116_beat_4-4_best_2bar_segment_5.mid,test,beat,116,4-4,1,0,0,70,jazz
5,338,validation\drummer7-session2-96_pop_142_beat_4-4_best_2bar_segment_24.mid,validation,beat,142,4-4,1,0,0,6,pop
57,17,test\drummer5-eval_session-5_funk-groove5_84_beat_4-4_best_2bar_segment_6.mid,test,beat,84,4-4,1,0,0,57,funk
65,7,test\drummer1-session1-4_jazz-funk_116_beat_4-4_best_2bar_segment_5.mid,test,beat,116,4-4,1,0,0,70,jazz
63,178,train\drummer5-session2-9_neworleans-shuffle_104_beat_4-4_best_2bar_segment_5.mid,train,beat,104,4-4,1,0,0,68,neworleans
9,95,train\drummer1-session3-6_dance-disco_120_beat_4-4_best_2bar_segment_68.mid,train,beat,120,4-4,1,0,0,14,dance
69,267,train\drummer8-session2-24_latin_84_beat_4-4_best_2bar_segment_32.mid,train,beat,84,4-4,1,0,0,80,latin
34,260,train\drummer8-session2-13_afrobeat_103_beat_4-4_best_2bar_segment_20.mid,train,beat,103,4-4,1,0,0,34,afrobeat
62,314,validation\drummer1-session1-38_latin-samba_116_beat_4-4_best_2bar_segment_25.mid,validation,beat,116,4-4,1,0,0,66,latin
63,178,train\drummer5-session2-9_neworleans-shuffle_104_beat_4-4_best_2bar_segment_5.mid,train,beat,104,4-4,1,0,0,68,neworleans
67,174,train\drummer5-session2-3_latin-brazilian_101_beat_4-4_best_2bar_segment_25.mid,train,beat,101,4-4,1,0,0,75,latin
4,59,train\drummer1-session1-202_rock-halftime_140_beat_4-4_best_2bar_segment_10.mid,train,beat,140,4-4,1,0,0,5,rock
50,226,train\drummer7-session3-131_soul_105_beat_4-4_best_2bar_segment_9.mid,train,beat,105,4-4,1,0,0,45,soul
67,174,train\drummer5-session2-3_latin-brazilian_101_beat_4-4_best_2bar_segment_25.mid,train,beat,101,4-4,1,0,0,75,latin
43,203,train\drummer7-session2-1_rock_120_beat_4-4_best_2bar_segment_0.mid,train,beat,120,4-4,1,0,0,40,rock
6,188,train\drummer7-session1-15_jazz_112_beat_4-4_best_2bar_segment_25.mid,train,beat,112,4-4,1,0,0,7,jazz
6,188,train\drummer7-session1-15_jazz_112_beat_4-4_best_2bar_segment_25.mid,train,beat,112,4-4,1,0,0,7,jazz
69,267,train\drummer8-session2-24_latin_84_beat_4-4_best_2bar_segment_32.mid,train,beat,84,4-4,1,0,0,80,latin
43,203,train\drummer7-session2-1_rock_120_beat_4-4_best_2bar_segment_0.mid,train,beat,120,4-4,1,0,0,40,rock
39,217,train\drummer7-session2-92_hiphop_75_beat_4-4_best_2bar_segment_0.mid,train,beat,75,4-4,1,0,0,36,hiphop
57,17,test\drummer5-eval_session-5_funk-groove5_84_beat_4-4_best_2bar_segment_6.mid,test,beat,84,4-4,1,0,0,57,funk
65,7,test\drummer1-session1-4_jazz-funk_116_beat_4-4_best_2bar_segment_5.mid,test,beat,116,4-4,1,0,0,70,jazz
50,226,train\drummer7-session3-131_soul_105_beat_4-4_best_2bar_segment_9.mid,train,beat,105,4-4,1,0,0,45,soul
29,192,train\drummer7-session1-22_hiphop_100_beat_4-4_best_2bar_segment_2.mid,train,beat,100,4-4,1,0,0,32,hiphop
71,193,train\drummer7-session1-38_hiphop_100_beat_4-4_best_2bar_segment_1.mid,train,beat,100,4-4,1,0,0,108,hiphop
2,197,train\drummer7-session1-8_rock_93_beat_4-4_best_2bar_segment_5.mid,train,beat,93,4-4,1,0,0,0,rock
63,178,train\drummer5-session2-9_neworleans-shuffle_104_beat_4-4_best_2bar_segment_5.mid,train,beat,104,4-4,1,0,0,68,neworleans
38,107,train\drummer10-session1-9_jazz-swing_110_beat_4-4_best_2bar_segment_15.mid,train,beat,110,4-4,1,0,0,36,jazz
6,188,train\drummer7-session1-15_jazz_112_beat_4-4_best_2bar_segment_25.mid,train,beat,112,4-4,1,0,0,7,jazz
3,4,test\drummer1-eval_session-4_soul-groove4_80_beat_4-4_best_2bar_segment_6.mid,test,beat,80,4-4,1,0,0,0,soul
29,192,train\drummer7-session1-22_hiphop_100_beat_4-4_best_2bar_segment_2.mid,train,beat,100,4-4,1,0,0,32,hiphop
3,4,test\drummer1-eval_session-4_soul-groove4_80_beat_4-4_best_2bar_segment_6.mid,test,beat,80,4-4,1,0,0,0,soul
42,27,test\drummer7-eval_session-5_funk-groove5_84_beat_4-4_best_2bar_segment_9.mid,test,beat,84,4-4,1,0,0,39,funk
39,217,train\drummer7-session2-92_hiphop_75_beat_4-4_best_2bar_segment_0.mid,train,beat,75,4-4,1,0,0,36,hiphop
9,95,train\drummer1-session3-6_dance-disco_120_beat_4-4_best_2bar_segment_68.mid,train,beat,120,4-4,1,0,0,14,dance
24,79,train\drummer1-session2-32_punk_140_beat_4-4_best_2bar_segment_16.mid,train,beat,140,4-4,1,0,0,30,punk
34,260,train\drummer8-session2-13_afrobeat_103_beat_4-4_best_2bar_segment_20.mid,train,beat,103,4-4,1,0,0,34,afrobeat
24,79,train\drummer1-session2-32_punk_140_beat_4-4_best_2bar_segment_16.mid,train,beat,140,4-4,1,0,0,30,punk
38,107,train\drummer10-session1-9_jazz-swing_110_beat_4-4_best_2bar_segment_15.mid,train,beat,110,4-4,1,0,0,36,jazz
56,159,train\drummer5-session1-3_latin-brazilian-samba_89_beat_4-4_best_2bar_segment_15.mid,train,beat,89,4-4,1,0,0,54,latin
3,4,test\drummer1-eval_session-4_soul-groove4_80_beat_4-4_best_2bar_segment_6.mid,test,beat,80,4-4,1,0,0,0,soul
42,27,test\drummer7-eval_session-5_funk-groove5_84_beat_4-4_best_2bar_segment_9.mid,test,beat,84,4-4,1,0,0,39,funk
51,155,train\drummer5-session1-18_afrocuban_128_beat_4-4_best_2bar_segment_61.mid,train,beat,128,4-4,1,0,0,46,afrocuban
42,27,test\drummer7-eval_session-5_funk-groove5_84_beat_4-4_best_2bar_segment_9.mid,test,beat,84,4-4,1,0,0,39,funk
51,155,train\drummer5-session1-18_afrocuban_128_beat_4-4_best_2bar_segment_61.mid,train,beat,128,4-4,1,0,0,46,afrocuban
34,260,train\drummer8-session2-13_afrobeat_103_beat_4-4_best_2bar_segment_20.mid,train,beat,103,4-4,1,0,0,34,afrobeat
43,203,train\drummer7-session2-1_rock_120_beat_4-4_best_2bar_segment_0.mid,train,beat,120,4-4,1,0,0,40,rock
56,159,train\drummer5-session1-3_latin-brazilian-samba_89_beat_4-4_best_2bar_segment_15.mid,train,beat,89,4-4,1,0,0,54,latin
57,17,test\drummer5-eval_session-5_funk-groove5_84_beat_4-4_best_2bar_segment_6.mid,test,beat,84,4-4,1,0,0,57,funk
24,79,train\drummer1-session2-32_punk_140_beat_4-4_best_2bar_segment_16.mid,train,beat,140,4-4,1,0,0,30,punk
69,267,train\drummer8-session2-24_latin_84_beat_4-4_best_2bar_segment_32.mid,train,beat,84,4-4,1,0,0,80,latin
38,107,train\drummer10-session1-9_jazz-swing_110_beat_4-4_best_2bar_segment_15.mid,train,beat,110,4-4,1,0,0,36,jazz
51,155,train\drummer5-session1-18_afrocuban_128_beat_4-4_best_2bar_segment_61.mid,train,beat,128,4-4,1,0,0,46,afrocuban
1,57,train\drummer1-session1-184_reggae_78_beat_4-4_best_2bar_segment_8.mid,train,beat,78,4-4,1,0,0,0,reggae
62,314,validation\drummer1-session1-38_latin-samba_116_beat_4-4_best_2bar_segment_25.mid,validation,beat,116,4-4,1,0,0,66,latin
2,197,train\drummer7-session1-8_rock_93_beat_4-4_best_2bar_segment_5.mid,train,beat,93,4-4,1,0,0,0,rock
2,197,train\drummer7-session1-8_rock_93_beat_4-4_best_2bar_segment_5.mid,train,beat,93,4-4,1,0,0,0,rock
4,59,train\drummer1-session1-202_rock-halftime_140_beat_4-4_best_2bar_segment_10.mid,train,beat,140,4-4,1,0,0,5,rock
5,338,validation\drummer7-session2-96_pop_142_beat_4-4_best_2bar_segment_24.mid,validation,beat,142,4-4,1,0,0,6,pop
62,314,validation\drummer1-session1-38_latin-samba_116_beat_4-4_best_2bar_segment_25.mid,validation,beat,116,4-4,1,0,0,66,latin
1,57,train\drummer1-session1-184_reggae_78_beat_4-4_best_2bar_segment_8.mid,train,beat,78,4-4,1,0,0,0,reggae
5,338,validation\drummer7-session2-96_pop_142_beat_4-4_best_2bar_segment_24.mid,validation,beat,142,4-4,1,0,0,6,pop
39,217,train\drummer7-session2-92_hiphop_75_beat_4-4_best_2bar_segment_0.mid,train,beat,75,4-4,1,0,0,36,hiphop
