session,track,grooVAE_name,dualised_name,index,original_file_location,bpm,Syncopation,style
repetition1,0,repetition1_track00_drummer7-session3-131_soul_105_beat_4-4_best_2bar_segment_9_original.mid,repetition1_track00_drummer7-session3-131_soul_105_beat_4-4_best_2bar_segment_9_dualised.mid,226,train\drummer7-session3-131_soul_105_beat_4-4_best_2bar_segment_9.mid,105,45,soul
repetition1,1,repetition1_track01_drummer1-session1-202_rock-halftime_140_beat_4-4_best_2bar_segment_10_original.mid,repetition1_track01_drummer1-session1-202_rock-halftime_140_beat_4-4_best_2bar_segment_10_dualised.mid,59,train\drummer1-session1-202_rock-halftime_140_beat_4-4_best_2bar_segment_10.mid,140,5,rock
repetition1,2,repetition1_track02_drummer7-session1-38_hiphop_100_beat_4-4_best_2bar_segment_1_original.mid,repetition1_track02_drummer7-session1-38_hiphop_100_beat_4-4_best_2bar_segment_1_dualised.mid,193,train\drummer7-session1-38_hiphop_100_beat_4-4_best_2bar_segment_1.mid,100,108,hiphop
repetition1,3,repetition1_track03_drummer7-session1-22_hiphop_100_beat_4-4_best_2bar_segment_2_original.mid,repetition1_track03_drummer7-session1-22_hiphop_100_beat_4-4_best_2bar_segment_2_dualised.mid,192,train\drummer7-session1-22_hiphop_100_beat_4-4_best_2bar_segment_2.mid,100,32,hiphop
repetition1,4,repetition1_track04_drummer5-session2-3_latin-brazilian_101_beat_4-4_best_2bar_segment_25_original.mid,repetition1_track04_drummer5-session2-3_latin-brazilian_101_beat_4-4_best_2bar_segment_25_dualised.mid,174,train\drummer5-session2-3_latin-brazilian_101_beat_4-4_best_2bar_segment_25.mid,101,75,latin
repetition1,5,repetition1_track05_drummer1-session1-184_reggae_78_beat_4-4_best_2bar_segment_8_original.mid,repetition1_track05_drummer1-session1-184_reggae_78_beat_4-4_best_2bar_segment_8_dualised.mid,57,train\drummer1-session1-184_reggae_78_beat_4-4_best_2bar_segment_8.mid,78,0,reggae
repetition1,6,repetition1_track06_drummer1-session3-6_dance-disco_120_beat_4-4_best_2bar_segment_68_original.mid,repetition1_track06_drummer1-session3-6_dance-disco_120_beat_4-4_best_2bar_segment_68_dualised.mid,95,train\drummer1-session3-6_dance-disco_120_beat_4-4_best_2bar_segment_68.mid,120,14,dance
repetition1,7,repetition1_track07_drummer7-session1-38_hiphop_100_beat_4-4_best_2bar_segment_1_original.mid,repetition1_track07_drummer7-session1-38_hiphop_100_beat_4-4_best_2bar_segment_1_dualised.mid,193,train\drummer7-session1-38_hiphop_100_beat_4-4_best_2bar_segment_1.mid,100,108,hiphop
repetition1,8,repetition1_track08_drummer5-session1-3_latin-brazilian-samba_89_beat_4-4_best_2bar_segment_15_original.mid,repetition1_track08_drummer5-session1-3_latin-brazilian-samba_89_beat_4-4_best_2bar_segment_15_dualised.mid,159,train\drummer5-session1-3_latin-brazilian-samba_89_beat_4-4_best_2bar_segment_15.mid,89,54,latin
repetition1,9,repetition1_track09_drummer1-session1-4_jazz-funk_116_beat_4-4_best_2bar_segment_5_original.mid,repetition1_track09_drummer1-session1-4_jazz-funk_116_beat_4-4_best_2bar_segment_5_dualised.mid,7,test\drummer1-session1-4_jazz-funk_116_beat_4-4_best_2bar_segment_5.mid,116,70,jazz
repetition1,10,repetition1_track10_drummer7-session2-96_pop_142_beat_4-4_best_2bar_segment_24_original.mid,repetition1_track10_drummer7-session2-96_pop_142_beat_4-4_best_2bar_segment_24_dualised.mid,338,validation\drummer7-session2-96_pop_142_beat_4-4_best_2bar_segment_24.mid,142,6,pop
repetition1,11,repetition1_track11_drummer5-eval_session-5_funk-groove5_84_beat_4-4_best_2bar_segment_6_original.mid,repetition1_track11_drummer5-eval_session-5_funk-groove5_84_beat_4-4_best_2bar_segment_6_dualised.mid,17,test\drummer5-eval_session-5_funk-groove5_84_beat_4-4_best_2bar_segment_6.mid,84,57,funk
repetition1,12,repetition1_track12_drummer1-session1-4_jazz-funk_116_beat_4-4_best_2bar_segment_5_original.mid,repetition1_track12_drummer1-session1-4_jazz-funk_116_beat_4-4_best_2bar_segment_5_dualised.mid,7,test\drummer1-session1-4_jazz-funk_116_beat_4-4_best_2bar_segment_5.mid,116,70,jazz
repetition1,13,repetition1_track13_drummer5-session2-9_neworleans-shuffle_104_beat_4-4_best_2bar_segment_5_original.mid,repetition1_track13_drummer5-session2-9_neworleans-shuffle_104_beat_4-4_best_2bar_segment_5_dualised.mid,178,train\drummer5-session2-9_neworleans-shuffle_104_beat_4-4_best_2bar_segment_5.mid,104,68,neworleans
repetition1,14,repetition1_track14_drummer1-session3-6_dance-disco_120_beat_4-4_best_2bar_segment_68_original.mid,repetition1_track14_drummer1-session3-6_dance-disco_120_beat_4-4_best_2bar_segment_68_dualised.mid,95,train\drummer1-session3-6_dance-disco_120_beat_4-4_best_2bar_segment_68.mid,120,14,dance
repetition1,15,repetition1_track15_drummer8-session2-24_latin_84_beat_4-4_best_2bar_segment_32_original.mid,repetition1_track15_drummer8-session2-24_latin_84_beat_4-4_best_2bar_segment_32_dualised.mid,267,train\drummer8-session2-24_latin_84_beat_4-4_best_2bar_segment_32.mid,84,80,latin
repetition1,16,repetition1_track16_drummer8-session2-13_afrobeat_103_beat_4-4_best_2bar_segment_20_original.mid,repetition1_track16_drummer8-session2-13_afrobeat_103_beat_4-4_best_2bar_segment_20_dualised.mid,260,train\drummer8-session2-13_afrobeat_103_beat_4-4_best_2bar_segment_20.mid,103,34,afrobeat
repetition1,17,repetition1_track17_drummer1-session1-38_latin-samba_116_beat_4-4_best_2bar_segment_25_original.mid,repetition1_track17_drummer1-session1-38_latin-samba_116_beat_4-4_best_2bar_segment_25_dualised.mid,314,validation\drummer1-session1-38_latin-samba_116_beat_4-4_best_2bar_segment_25.mid,116,66,latin
repetition1,18,repetition1_track18_drummer5-session2-9_neworleans-shuffle_104_beat_4-4_best_2bar_segment_5_original.mid,repetition1_track18_drummer5-session2-9_neworleans-shuffle_104_beat_4-4_best_2bar_segment_5_dualised.mid,178,train\drummer5-session2-9_neworleans-shuffle_104_beat_4-4_best_2bar_segment_5.mid,104,68,neworleans
repetition1,19,repetition1_track19_drummer5-session2-3_latin-brazilian_101_beat_4-4_best_2bar_segment_25_original.mid,repetition1_track19_drummer5-session2-3_latin-brazilian_101_beat_4-4_best_2bar_segment_25_dualised.mid,174,train\drummer5-session2-3_latin-brazilian_101_beat_4-4_best_2bar_segment_25.mid,101,75,latin
repetition1,20,repetition1_track20_drummer1-session1-202_rock-halftime_140_beat_4-4_best_2bar_segment_10_original.mid,repetition1_track20_drummer1-session1-202_rock-halftime_140_beat_4-4_best_2bar_segment_10_dualised.mid,59,train\drummer1-session1-202_rock-halftime_140_beat_4-4_best_2bar_segment_10.mid,140,5,rock
repetition1,21,repetition1_track21_drummer7-session3-131_soul_105_beat_4-4_best_2bar_segment_9_original.mid,repetition1_track21_drummer7-session3-131_soul_105_beat_4-4_best_2bar_segment_9_dualised.mid,226,train\drummer7-session3-131_soul_105_beat_4-4_best_2bar_segment_9.mid,105,45,soul
repetition1,22,repetition1_track22_drummer5-session2-3_latin-brazilian_101_beat_4-4_best_2bar_segment_25_original.mid,repetition1_track22_drummer5-session2-3_latin-brazilian_101_beat_4-4_best_2bar_segment_25_dualised.mid,174,train\drummer5-session2-3_latin-brazilian_101_beat_4-4_best_2bar_segment_25.mid,101,75,latin
repetition1,23,repetition1_track23_drummer7-session2-1_rock_120_beat_4-4_best_2bar_segment_0_original.mid,repetition1_track23_drummer7-session2-1_rock_120_beat_4-4_best_2bar_segment_0_dualised.mid,203,train\drummer7-session2-1_rock_120_beat_4-4_best_2bar_segment_0.mid,120,40,rock
repetition1,24,repetition1_track24_drummer7-session1-15_jazz_112_beat_4-4_best_2bar_segment_25_original.mid,repetition1_track24_drummer7-session1-15_jazz_112_beat_4-4_best_2bar_segment_25_dualised.mid,188,train\drummer7-session1-15_jazz_112_beat_4-4_best_2bar_segment_25.mid,112,7,jazz
repetition1,25,repetition1_track25_drummer7-session1-15_jazz_112_beat_4-4_best_2bar_segment_25_original.mid,repetition1_track25_drummer7-session1-15_jazz_112_beat_4-4_best_2bar_segment_25_dualised.mid,188,train\drummer7-session1-15_jazz_112_beat_4-4_best_2bar_segment_25.mid,112,7,jazz
repetition1,26,repetition1_track26_drummer8-session2-24_latin_84_beat_4-4_best_2bar_segment_32_original.mid,repetition1_track26_drummer8-session2-24_latin_84_beat_4-4_best_2bar_segment_32_dualised.mid,267,train\drummer8-session2-24_latin_84_beat_4-4_best_2bar_segment_32.mid,84,80,latin
repetition1,27,repetition1_track27_drummer7-session2-1_rock_120_beat_4-4_best_2bar_segment_0_original.mid,repetition1_track27_drummer7-session2-1_rock_120_beat_4-4_best_2bar_segment_0_dualised.mid,203,train\drummer7-session2-1_rock_120_beat_4-4_best_2bar_segment_0.mid,120,40,rock
repetition1,28,repetition1_track28_drummer7-session2-92_hiphop_75_beat_4-4_best_2bar_segment_0_original.mid,repetition1_track28_drummer7-session2-92_hiphop_75_beat_4-4_best_2bar_segment_0_dualised.mid,217,train\drummer7-session2-92_hiphop_75_beat_4-4_best_2bar_segment_0.mid,75,36,hiphop
repetition1,29,repetition1_track29_drummer5-eval_session-5_funk-groove5_84_beat_4-4_best_2bar_segment_6_original.mid,repetition1_track29_drummer5-eval_session-5_funk-groove5_84_beat_4-4_best_2bar_segment_6_dualised.mid,17,test\drummer5-eval_session-5_funk-groove5_84_beat_4-4_best_2bar_segment_6.mid,84,57,funk
repetition1,30,repetition1_track30_drummer1-session1-4_jazz-funk_116_beat_4-4_best_2bar_segment_5_original.mid,repetition1_track30_drummer1-session1-4_jazz-funk_116_beat_4-4_best_2bar_segment_5_dualised.mid,7,test\drummer1-session1-4_jazz-funk_116_beat_4-4_best_2bar_segment_5.mid,116,70,jazz
repetition1,31,repetition1_track31_drummer7-session3-131_soul_105_beat_4-4_best_2bar_segment_9_original.mid,repetition1_track31_drummer7-session3-131_soul_105_beat_4-4_best_2bar_segment_9_dualised.mid,226,train\drummer7-session3-131_soul_105_beat_4-4_best_2bar_segment_9.mid,105,45,soul
repetition1,32,repetition1_track32_drummer7-session1-22_hiphop_100_beat_4-4_best_2bar_segment_2_original.mid,repetition1_track32_drummer7-session1-22_hiphop_100_beat_4-4_best_2bar_segment_2_dualised.mid,192,train\drummer7-session1-22_hiphop_100_beat_4-4_best_2bar_segment_2.mid,100,32,hiphop
repetition1,33,repetition1_track33_drummer7-session1-38_hiphop_100_beat_4-4_best_2bar_segment_1_original.mid,repetition1_track33_drummer7-session1-38_hiphop_100_beat_4-4_best_2bar_segment_1_dualised.mid,193,train\drummer7-session1-38_hiphop_100_beat_4-4_best_2bar_segment_1.mid,100,108,hiphop
repetition1,34,repetition1_track34_drummer7-session1-8_rock_93_beat_4-4_best_2bar_segment_5_original.mid,repetition1_track34_drummer7-session1-8_rock_93_beat_4-4_best_2bar_segment_5_dualised.mid,197,train\drummer7-session1-8_rock_93_beat_4-4_best_2bar_segment_5.mid,93,0,rock
repetition1,35,repetition1_track35_drummer5-session2-9_neworleans-shuffle_104_beat_4-4_best_2bar_segment_5_original.mid,repetition1_track35_drummer5-session2-9_neworleans-shuffle_104_beat_4-4_best_2bar_segment_5_dualised.mid,178,train\drummer5-session2-9_neworleans-shuffle_104_beat_4-4_best_2bar_segment_5.mid,104,68,neworleans
repetition1,36,repetition1_track36_drummer10-session1-9_jazz-swing_110_beat_4-4_best_2bar_segment_15_original.mid,repetition1_track36_drummer10-session1-9_jazz-swing_110_beat_4-4_best_2bar_segment_15_dualised.mid,107,train\drummer10-session1-9_jazz-swing_110_beat_4-4_best_2bar_segment_15.mid,110,36,jazz
repetition1,37,repetition1_track37_drummer7-session1-15_jazz_112_beat_4-4_best_2bar_segment_25_original.mid,repetition1_track37_drummer7-session1-15_jazz_112_beat_4-4_best_2bar_segment_25_dualised.mid,188,train\drummer7-session1-15_jazz_112_beat_4-4_best_2bar_segment_25.mid,112,7,jazz
repetition1,38,repetition1_track38_drummer1-eval_session-4_soul-groove4_80_beat_4-4_best_2bar_segment_6_original.mid,repetition1_track38_drummer1-eval_session-4_soul-groove4_80_beat_4-4_best_2bar_segment_6_dualised.mid,4,test\drummer1-eval_session-4_soul-groove4_80_beat_4-4_best_2bar_segment_6.mid,80,0,soul
repetition1,39,repetition1_track39_drummer7-session1-22_hiphop_100_beat_4-4_best_2bar_segment_2_original.mid,repetition1_track39_drummer7-session1-22_hiphop_100_beat_4-4_best_2bar_segment_2_dualised.mid,192,train\drummer7-session1-22_hiphop_100_beat_4-4_best_2bar_segment_2.mid,100,32,hiphop
repetition1,40,repetition1_track40_drummer1-eval_session-4_soul-groove4_80_beat_4-4_best_2bar_segment_6_original.mid,repetition1_track40_drummer1-eval_session-4_soul-groove4_80_beat_4-4_best_2bar_segment_6_dualised.mid,4,test\drummer1-eval_session-4_soul-groove4_80_beat_4-4_best_2bar_segment_6.mid,80,0,soul
repetition1,41,repetition1_track41_drummer7-eval_session-5_funk-groove5_84_beat_4-4_best_2bar_segment_9_original.mid,repetition1_track41_drummer7-eval_session-5_funk-groove5_84_beat_4-4_best_2bar_segment_9_dualised.mid,27,test\drummer7-eval_session-5_funk-groove5_84_beat_4-4_best_2bar_segment_9.mid,84,39,funk
repetition1,42,repetition1_track42_drummer7-session2-92_hiphop_75_beat_4-4_best_2bar_segment_0_original.mid,repetition1_track42_drummer7-session2-92_hiphop_75_beat_4-4_best_2bar_segment_0_dualised.mid,217,train\drummer7-session2-92_hiphop_75_beat_4-4_best_2bar_segment_0.mid,75,36,hiphop
repetition1,43,repetition1_track43_drummer1-session3-6_dance-disco_120_beat_4-4_best_2bar_segment_68_original.mid,repetition1_track43_drummer1-session3-6_dance-disco_120_beat_4-4_best_2bar_segment_68_dualised.mid,95,train\drummer1-session3-6_dance-disco_120_beat_4-4_best_2bar_segment_68.mid,120,14,dance
repetition1,44,repetition1_track44_drummer1-session2-32_punk_140_beat_4-4_best_2bar_segment_16_original.mid,repetition1_track44_drummer1-session2-32_punk_140_beat_4-4_best_2bar_segment_16_dualised.mid,79,train\drummer1-session2-32_punk_140_beat_4-4_best_2bar_segment_16.mid,140,30,punk
repetition1,45,repetition1_track45_drummer8-session2-13_afrobeat_103_beat_4-4_best_2bar_segment_20_original.mid,repetition1_track45_drummer8-session2-13_afrobeat_103_beat_4-4_best_2bar_segment_20_dualised.mid,260,train\drummer8-session2-13_afrobeat_103_beat_4-4_best_2bar_segment_20.mid,103,34,afrobeat
repetition1,46,repetition1_track46_drummer1-session2-32_punk_140_beat_4-4_best_2bar_segment_16_original.mid,repetition1_track46_drummer1-session2-32_punk_140_beat_4-4_best_2bar_segment_16_dualised.mid,79,train\drummer1-session2-32_punk_140_beat_4-4_best_2bar_segment_16.mid,140,30,punk
repetition1,47,repetition1_track47_drummer10-session1-9_jazz-swing_110_beat_4-4_best_2bar_segment_15_original.mid,repetition1_track47_drummer10-session1-9_jazz-swing_110_beat_4-4_best_2bar_segment_15_dualised.mid,107,train\drummer10-session1-9_jazz-swing_110_beat_4-4_best_2bar_segment_15.mid,110,36,jazz
repetition1,48,repetition1_track48_drummer5-session1-3_latin-brazilian-samba_89_beat_4-4_best_2bar_segment_15_original.mid,repetition1_track48_drummer5-session1-3_latin-brazilian-samba_89_beat_4-4_best_2bar_segment_15_dualised.mid,159,train\drummer5-session1-3_latin-brazilian-samba_89_beat_4-4_best_2bar_segment_15.mid,89,54,latin
repetition1,49,repetition1_track49_drummer1-eval_session-4_soul-groove4_80_beat_4-4_best_2bar_segment_6_original.mid,repetition1_track49_drummer1-eval_session-4_soul-groove4_80_beat_4-4_best_2bar_segment_6_dualised.mid,4,test\drummer1-eval_session-4_soul-groove4_80_beat_4-4_best_2bar_segment_6.mid,80,0,soul
repetition1,50,repetition1_track50_drummer7-eval_session-5_funk-groove5_84_beat_4-4_best_2bar_segment_9_original.mid,repetition1_track50_drummer7-eval_session-5_funk-groove5_84_beat_4-4_best_2bar_segment_9_dualised.mid,27,test\drummer7-eval_session-5_funk-groove5_84_beat_4-4_best_2bar_segment_9.mid,84,39,funk
repetition1,51,repetition1_track51_drummer5-session1-18_afrocuban_128_beat_4-4_best_2bar_segment_61_original.mid,repetition1_track51_drummer5-session1-18_afrocuban_128_beat_4-4_best_2bar_segment_61_dualised.mid,155,train\drummer5-session1-18_afrocuban_128_beat_4-4_best_2bar_segment_61.mid,128,46,afrocuban
repetition1,52,repetition1_track52_drummer7-eval_session-5_funk-groove5_84_beat_4-4_best_2bar_segment_9_original.mid,repetition1_track52_drummer7-eval_session-5_funk-groove5_84_beat_4-4_best_2bar_segment_9_dualised.mid,27,test\drummer7-eval_session-5_funk-groove5_84_beat_4-4_best_2bar_segment_9.mid,84,39,funk
repetition1,53,repetition1_track53_drummer5-session1-18_afrocuban_128_beat_4-4_best_2bar_segment_61_original.mid,repetition1_track53_drummer5-session1-18_afrocuban_128_beat_4-4_best_2bar_segment_61_dualised.mid,155,train\drummer5-session1-18_afrocuban_128_beat_4-4_best_2bar_segment_61.mid,128,46,afrocuban
repetition1,54,repetition1_track54_drummer8-session2-13_afrobeat_103_beat_4-4_best_2bar_segment_20_original.mid,repetition1_track54_drummer8-session2-13_afrobeat_103_beat_4-4_best_2bar_segment_20_dualised.mid,260,train\drummer8-session2-13_afrobeat_103_beat_4-4_best_2bar_segment_20.mid,103,34,afrobeat
repetition1,55,repetition1_track55_drummer7-session2-1_rock_120_beat_4-4_best_2bar_segment_0_original.mid,repetition1_track55_drummer7-session2-1_rock_120_beat_4-4_best_2bar_segment_0_dualised.mid,203,train\drummer7-session2-1_rock_120_beat_4-4_best_2bar_segment_0.mid,120,40,rock
repetition1,56,repetition1_track56_drummer5-session1-3_latin-brazilian-samba_89_beat_4-4_best_2bar_segment_15_original.mid,repetition1_track56_drummer5-session1-3_latin-brazilian-samba_89_beat_4-4_best_2bar_segment_15_dualised.mid,159,train\drummer5-session1-3_latin-brazilian-samba_89_beat_4-4_best_2bar_segment_15.mid,89,54,latin
repetition1,57,repetition1_track57_drummer5-eval_session-5_funk-groove5_84_beat_4-4_best_2bar_segment_6_original.mid,repetition1_track57_drummer5-eval_session-5_funk-groove5_84_beat_4-4_best_2bar_segment_6_dualised.mid,17,test\drummer5-eval_session-5_funk-groove5_84_beat_4-4_best_2bar_segment_6.mid,84,57,funk
repetition1,58,repetition1_track58_drummer1-session2-32_punk_140_beat_4-4_best_2bar_segment_16_original.mid,repetition1_track58_drummer1-session2-32_punk_140_beat_4-4_best_2bar_segment_16_dualised.mid,79,train\drummer1-session2-32_punk_140_beat_4-4_best_2bar_segment_16.mid,140,30,punk
repetition1,59,repetition1_track59_drummer8-session2-24_latin_84_beat_4-4_best_2bar_segment_32_original.mid,repetition1_track59_drummer8-session2-24_latin_84_beat_4-4_best_2bar_segment_32_dualised.mid,267,train\drummer8-session2-24_latin_84_beat_4-4_best_2bar_segment_32.mid,84,80,latin
repetition1,60,repetition1_track60_drummer10-session1-9_jazz-swing_110_beat_4-4_best_2bar_segment_15_original.mid,repetition1_track60_drummer10-session1-9_jazz-swing_110_beat_4-4_best_2bar_segment_15_dualised.mid,107,train\drummer10-session1-9_jazz-swing_110_beat_4-4_best_2bar_segment_15.mid,110,36,jazz
repetition1,61,repetition1_track61_drummer5-session1-18_afrocuban_128_beat_4-4_best_2bar_segment_61_original.mid,repetition1_track61_drummer5-session1-18_afrocuban_128_beat_4-4_best_2bar_segment_61_dualised.mid,155,train\drummer5-session1-18_afrocuban_128_beat_4-4_best_2bar_segment_61.mid,128,46,afrocuban
repetition1,62,repetition1_track62_drummer1-session1-184_reggae_78_beat_4-4_best_2bar_segment_8_original.mid,repetition1_track62_drummer1-session1-184_reggae_78_beat_4-4_best_2bar_segment_8_dualised.mid,57,train\drummer1-session1-184_reggae_78_beat_4-4_best_2bar_segment_8.mid,78,0,reggae
repetition1,63,repetition1_track63_drummer1-session1-38_latin-samba_116_beat_4-4_best_2bar_segment_25_original.mid,repetition1_track63_drummer1-session1-38_latin-samba_116_beat_4-4_best_2bar_segment_25_dualised.mid,314,validation\drummer1-session1-38_latin-samba_116_beat_4-4_best_2bar_segment_25.mid,116,66,latin
repetition1,64,repetition1_track64_drummer7-session1-8_rock_93_beat_4-4_best_2bar_segment_5_original.mid,repetition1_track64_drummer7-session1-8_rock_93_beat_4-4_best_2bar_segment_5_dualised.mid,197,train\drummer7-session1-8_rock_93_beat_4-4_best_2bar_segment_5.mid,93,0,rock
repetition1,65,repetition1_track65_drummer7-session1-8_rock_93_beat_4-4_best_2bar_segment_5_original.mid,repetition1_track65_drummer7-session1-8_rock_93_beat_4-4_best_2bar_segment_5_dualised.mid,197,train\drummer7-session1-8_rock_93_beat_4-4_best_2bar_segment_5.mid,93,0,rock
repetition1,66,repetition1_track66_drummer1-session1-202_rock-halftime_140_beat_4-4_best_2bar_segment_10_original.mid,repetition1_track66_drummer1-session1-202_rock-halftime_140_beat_4-4_best_2bar_segment_10_dualised.mid,59,train\drummer1-session1-202_rock-halftime_140_beat_4-4_best_2bar_segment_10.mid,140,5,rock
repetition1,67,repetition1_track67_drummer7-session2-96_pop_142_beat_4-4_best_2bar_segment_24_original.mid,repetition1_track67_drummer7-session2-96_pop_142_beat_4-4_best_2bar_segment_24_dualised.mid,338,validation\drummer7-session2-96_pop_142_beat_4-4_best_2bar_segment_24.mid,142,6,pop
repetition1,68,repetition1_track68_drummer1-session1-38_latin-samba_116_beat_4-4_best_2bar_segment_25_original.mid,repetition1_track68_drummer1-session1-38_latin-samba_116_beat_4-4_best_2bar_segment_25_dualised.mid,314,validation\drummer1-session1-38_latin-samba_116_beat_4-4_best_2bar_segment_25.mid,116,66,latin
repetition1,69,repetition1_track69_drummer1-session1-184_reggae_78_beat_4-4_best_2bar_segment_8_original.mid,repetition1_track69_drummer1-session1-184_reggae_78_beat_4-4_best_2bar_segment_8_dualised.mid,57,train\drummer1-session1-184_reggae_78_beat_4-4_best_2bar_segment_8.mid,78,0,reggae
repetition1,70,repetition1_track70_drummer7-session2-96_pop_142_beat_4-4_best_2bar_segment_24_original.mid,repetition1_track70_drummer7-session2-96_pop_142_beat_4-4_best_2bar_segment_24_dualised.mid,338,validation\drummer7-session2-96_pop_142_beat_4-4_best_2bar_segment_24.mid,142,6,pop
repetition1,71,repetition1_track71_drummer7-session2-92_hiphop_75_beat_4-4_best_2bar_segment_0_original.mid,repetition1_track71_drummer7-session2-92_hiphop_75_beat_4-4_best_2bar_segment_0_dualised.mid,217,train\drummer7-session2-92_hiphop_75_beat_4-4_best_2bar_segment_0.mid,75,36,hiphop
