,index,file_name,split,beat_type,bpm,time_signature,good,maybe,bad,Syncopation,style
31,299,train\drummer9-session1-21_rock_120_beat_4-4_best_2bar_segment_0.mid,train,beat,120,4-4,1,0,0,33,rock
39,217,train\drummer7-session2-92_hiphop_75_beat_4-4_best_2bar_segment_0.mid,train,beat,75,4-4,1,0,0,36,hiphop
31,299,train\drummer9-session1-21_rock_120_beat_4-4_best_2bar_segment_0.mid,train,beat,120,4-4,1,0,0,33,rock
53,15,test\drummer5-eval_session-3_soul-groove3_86_beat_4-4_best_2bar_segment_4.mid,test,beat,86,4-4,1,0,0,50,soul
64,270,train\drummer8-session2-27_dance-disco_137_beat_4-4_best_2bar_segment_38.mid,train,beat,137,4-4,1,0,0,69,dance
11,145,train\drummer4-session1-3_jazz-klezmer_152_beat_4-4_best_2bar_segment_3.mid,train,beat,152,4-4,1,0,0,16,jazz
20,33,test\drummer7-session2-114_jazz-fusion_96_beat_4-4_best_2bar_segment_2.mid,test,beat,96,4-4,1,0,0,26,jazz
69,267,train\drummer8-session2-24_latin_84_beat_4-4_best_2bar_segment_32.mid,train,beat,84,4-4,1,0,0,80,latin
49,23,test\drummer7-eval_session-10_soul-groove10_102_beat_4-4_best_2bar_segment_3.mid,test,beat,102,4-4,1,0,0,45,soul
11,145,train\drummer4-session1-3_jazz-klezmer_152_beat_4-4_best_2bar_segment_3.mid,train,beat,152,4-4,1,0,0,16,jazz
12,330,validation\drummer6-session3-5_rock_180_beat_4-4_best_2bar_segment_33.mid,validation,beat,180,4-4,1,0,0,17,rock
71,193,train\drummer7-session1-38_hiphop_100_beat_4-4_best_2bar_segment_1.mid,train,beat,100,4-4,1,0,0,108,hiphop
29,192,train\drummer7-session1-22_hiphop_100_beat_4-4_best_2bar_segment_2.mid,train,beat,100,4-4,1,0,0,32,hiphop
47,72,train\drummer1-session1-82_neworleans-funk_84_beat_4-4_best_2bar_segment_24.mid,train,beat,84,4-4,1,0,0,44,neworleans
49,23,test\drummer7-eval_session-10_soul-groove10_102_beat_4-4_best_2bar_segment_3.mid,test,beat,102,4-4,1,0,0,45,soul
9,95,train\drummer1-session3-6_dance-disco_120_beat_4-4_best_2bar_segment_68.mid,train,beat,120,4-4,1,0,0,14,dance
25,65,train\drummer1-session1-52_jazz_125_beat_4-4_best_2bar_segment_36.mid,train,beat,125,4-4,1,0,0,31,jazz
58,46,test\drummer8-session1-19_funk_108_beat_4-4_best_2bar_segment_27.mid,test,beat,108,4-4,1,0,0,61,funk
55,241,train\drummer8-session1-11_neworleans-funk_82_beat_4-4_best_2bar_segment_1.mid,train,beat,82,4-4,1,0,0,54,neworleans
18,35,test\drummer7-session2-93_hiphop_75_beat_4-4_best_2bar_segment_0.mid,test,beat,75,4-4,1,0,0,25,hiphop
25,65,train\drummer1-session1-52_jazz_125_beat_4-4_best_2bar_segment_36.mid,train,beat,125,4-4,1,0,0,31,jazz
15,219,train\drummer7-session3-106_hiphop_70_beat_4-4_best_2bar_segment_1.mid,train,beat,70,4-4,1,0,0,22,hiphop
8,229,train\drummer7-session3-23_pop-soft_83_beat_4-4_best_2bar_segment_1.mid,train,beat,83,4-4,1,0,0,14,pop
7,120,train\drummer3-session1-20_rock_120_beat_4-4_best_2bar_segment_0.mid,train,beat,120,4-4,1,0,0,13,rock
24,79,train\drummer1-session2-32_punk_140_beat_4-4_best_2bar_segment_16.mid,train,beat,140,4-4,1,0,0,30,punk
5,338,validation\drummer7-session2-96_pop_142_beat_4-4_best_2bar_segment_24.mid,validation,beat,142,4-4,1,0,0,6,pop
47,72,train\drummer1-session1-82_neworleans-funk_84_beat_4-4_best_2bar_segment_24.mid,train,beat,84,4-4,1,0,0,44,neworleans
11,145,train\drummer4-session1-3_jazz-klezmer_152_beat_4-4_best_2bar_segment_3.mid,train,beat,152,4-4,1,0,0,16,jazz
8,229,train\drummer7-session3-23_pop-soft_83_beat_4-4_best_2bar_segment_1.mid,train,beat,83,4-4,1,0,0,14,pop
16,200,train\drummer7-session2-104_pop_132_beat_4-4_best_2bar_segment_1.mid,train,beat,132,4-4,1,0,0,24,pop
10,106,train\drummer10-session1-7_jazz-swing_215_beat_4-4_best_2bar_segment_4.mid,train,beat,215,4-4,1,0,0,15,jazz
20,33,test\drummer7-session2-114_jazz-fusion_96_beat_4-4_best_2bar_segment_2.mid,test,beat,96,4-4,1,0,0,26,jazz
0,96,train\drummer1-session3-7_dance-disco_120_beat_4-4_best_2bar_segment_10.mid,train,beat,120,4-4,1,0,0,0,dance
41,18,test\drummer5-eval_session-6_hiphop-groove6_87_beat_4-4_best_2bar_segment_3.mid,test,beat,87,4-4,1,0,0,37,hiphop
2,197,train\drummer7-session1-8_rock_93_beat_4-4_best_2bar_segment_5.mid,train,beat,93,4-4,1,0,0,0,rock
35,244,train\drummer8-session1-15_hiphop_94_beat_4-4_best_2bar_segment_11.mid,train,beat,94,4-4,1,0,0,34,hiphop
22,38,test\drummer7-session3-133_soul_105_beat_4-4_best_2bar_segment_4.mid,test,beat,105,4-4,1,0,0,27,soul
31,299,train\drummer9-session1-21_rock_120_beat_4-4_best_2bar_segment_0.mid,train,beat,120,4-4,1,0,0,33,rock
68,278,train\drummer8-session2-34_latin-brazilian-songo_120_beat_4-4_best_2bar_segment_32.mid,train,beat,120,4-4,1,0,0,80,latin
4,59,train\drummer1-session1-202_rock-halftime_140_beat_4-4_best_2bar_segment_10.mid,train,beat,140,4-4,1,0,0,5,rock
29,192,train\drummer7-session1-22_hiphop_100_beat_4-4_best_2bar_segment_2.mid,train,beat,100,4-4,1,0,0,32,hiphop
57,17,test\drummer5-eval_session-5_funk-groove5_84_beat_4-4_best_2bar_segment_6.mid,test,beat,84,4-4,1,0,0,57,funk
66,21,test\drummer5-session1-12_latin-brazilian-sambareggae_96_beat_4-4_best_2bar_segment_41.mid,test,beat,96,4-4,1,0,0,73,latin
45,25,test\drummer7-eval_session-3_soul-groove3_86_beat_4-4_best_2bar_segment_7.mid,test,beat,86,4-4,1,0,0,41,soul
21,92,train\drummer1-session3-3_rock-rockabilly_200_beat_4-4_best_2bar_segment_24.mid,train,beat,200,4-4,1,0,0,26,rock
37,282,train\drummer8-session2-39_rock-indie_104_beat_4-4_best_2bar_segment_19.mid,train,beat,104,4-4,1,0,0,34,rock
68,278,train\drummer8-session2-34_latin-brazilian-songo_120_beat_4-4_best_2bar_segment_32.mid,train,beat,120,4-4,1,0,0,80,latin
44,235,train\drummer7-session3-49_funk_112_beat_4-4_best_2bar_segment_3.mid,train,beat,112,4-4,1,0,0,41,funk
32,258,train\drummer8-session2-10_hiphop_86_beat_4-4_best_2bar_segment_4.mid,train,beat,86,4-4,1,0,0,33,hiphop
6,188,train\drummer7-session1-15_jazz_112_beat_4-4_best_2bar_segment_25.mid,train,beat,112,4-4,1,0,0,7,jazz
64,270,train\drummer8-session2-27_dance-disco_137_beat_4-4_best_2bar_segment_38.mid,train,beat,137,4-4,1,0,0,69,dance
41,18,test\drummer5-eval_session-6_hiphop-groove6_87_beat_4-4_best_2bar_segment_3.mid,test,beat,87,4-4,1,0,0,37,hiphop
33,257,train\drummer8-session1-7_funk_80_beat_4-4_best_2bar_segment_11.mid,train,beat,80,4-4,1,0,0,34,funk
7,120,train\drummer3-session1-20_rock_120_beat_4-4_best_2bar_segment_0.mid,train,beat,120,4-4,1,0,0,13,rock
46,162,train\drummer5-session1-9_latin-dominican-merengue_130_beat_4-4_best_2bar_segment_51.mid,train,beat,130,4-4,1,0,0,42,latin
46,162,train\drummer5-session1-9_latin-dominican-merengue_130_beat_4-4_best_2bar_segment_51.mid,train,beat,130,4-4,1,0,0,42,latin
69,267,train\drummer8-session2-24_latin_84_beat_4-4_best_2bar_segment_32.mid,train,beat,84,4-4,1,0,0,80,latin
63,178,train\drummer5-session2-9_neworleans-shuffle_104_beat_4-4_best_2bar_segment_5.mid,train,beat,104,4-4,1,0,0,68,neworleans
35,244,train\drummer8-session1-15_hiphop_94_beat_4-4_best_2bar_segment_11.mid,train,beat,94,4-4,1,0,0,34,hiphop
57,17,test\drummer5-eval_session-5_funk-groove5_84_beat_4-4_best_2bar_segment_6.mid,test,beat,84,4-4,1,0,0,57,funk
19,228,train\drummer7-session3-1_rock_60_beat_4-4_best_2bar_segment_4.mid,train,beat,60,4-4,1,0,0,25,rock
24,79,train\drummer1-session2-32_punk_140_beat_4-4_best_2bar_segment_16.mid,train,beat,140,4-4,1,0,0,30,punk
27,99,train\drummer10-session1-10_jazz-swing_110_beat_4-4_best_2bar_segment_27.mid,train,beat,110,4-4,1,0,0,32,jazz
23,190,train\drummer7-session1-18_hiphop_100_beat_4-4_best_2bar_segment_1.mid,train,beat,100,4-4,1,0,0,28,hiphop
38,107,train\drummer10-session1-9_jazz-swing_110_beat_4-4_best_2bar_segment_15.mid,train,beat,110,4-4,1,0,0,36,jazz
52,13,test\drummer5-eval_session-1_funk-groove1_138_beat_4-4_best_2bar_segment_0.mid,test,beat,138,4-4,1,0,0,46,funk
58,46,test\drummer8-session1-19_funk_108_beat_4-4_best_2bar_segment_27.mid,test,beat,108,4-4,1,0,0,61,funk
13,85,train\drummer1-session2-9_jazz-march_120_beat_4-4_best_2bar_segment_15.mid,train,beat,120,4-4,1,0,0,20,jazz
34,260,train\drummer8-session2-13_afrobeat_103_beat_4-4_best_2bar_segment_20.mid,train,beat,103,4-4,1,0,0,34,afrobeat
16,200,train\drummer7-session2-104_pop_132_beat_4-4_best_2bar_segment_1.mid,train,beat,132,4-4,1,0,0,24,pop
52,13,test\drummer5-eval_session-1_funk-groove1_138_beat_4-4_best_2bar_segment_0.mid,test,beat,138,4-4,1,0,0,46,funk
62,314,validation\drummer1-session1-38_latin-samba_116_beat_4-4_best_2bar_segment_25.mid,validation,beat,116,4-4,1,0,0,66,latin
33,257,train\drummer8-session1-7_funk_80_beat_4-4_best_2bar_segment_11.mid,train,beat,80,4-4,1,0,0,34,funk
59,213,train\drummer7-session2-77_funk_100_beat_4-4_best_2bar_segment_0.mid,train,beat,100,4-4,1,0,0,63,funk
50,226,train\drummer7-session3-131_soul_105_beat_4-4_best_2bar_segment_9.mid,train,beat,105,4-4,1,0,0,45,soul
5,338,validation\drummer7-session2-96_pop_142_beat_4-4_best_2bar_segment_24.mid,validation,beat,142,4-4,1,0,0,6,pop
61,201,train\drummer7-session2-115_jazz-fusion_96_beat_4-4_best_2bar_segment_6.mid,train,beat,96,4-4,1,0,0,64,jazz
16,200,train\drummer7-session2-104_pop_132_beat_4-4_best_2bar_segment_1.mid,train,beat,132,4-4,1,0,0,24,pop
66,21,test\drummer5-session1-12_latin-brazilian-sambareggae_96_beat_4-4_best_2bar_segment_41.mid,test,beat,96,4-4,1,0,0,73,latin
32,258,train\drummer8-session2-10_hiphop_86_beat_4-4_best_2bar_segment_4.mid,train,beat,86,4-4,1,0,0,33,hiphop
40,47,test\drummer8-session2-16_funk_95_beat_4-4_best_2bar_segment_4.mid,test,beat,95,4-4,1,0,0,37,funk
50,226,train\drummer7-session3-131_soul_105_beat_4-4_best_2bar_segment_9.mid,train,beat,105,4-4,1,0,0,45,soul
42,27,test\drummer7-eval_session-5_funk-groove5_84_beat_4-4_best_2bar_segment_9.mid,test,beat,84,4-4,1,0,0,39,funk
37,282,train\drummer8-session2-39_rock-indie_104_beat_4-4_best_2bar_segment_19.mid,train,beat,104,4-4,1,0,0,34,rock
40,47,test\drummer8-session2-16_funk_95_beat_4-4_best_2bar_segment_4.mid,test,beat,95,4-4,1,0,0,37,funk
67,174,train\drummer5-session2-3_latin-brazilian_101_beat_4-4_best_2bar_segment_25.mid,train,beat,101,4-4,1,0,0,75,latin
65,7,test\drummer1-session1-4_jazz-funk_116_beat_4-4_best_2bar_segment_5.mid,test,beat,116,4-4,1,0,0,70,jazz
17,157,train\drummer5-session1-1_latin-brazilian-bossa_127_beat_4-4_best_2bar_segment_16.mid,train,beat,127,4-4,1,0,0,24,latin
58,46,test\drummer8-session1-19_funk_108_beat_4-4_best_2bar_segment_27.mid,test,beat,108,4-4,1,0,0,61,funk
15,219,train\drummer7-session3-106_hiphop_70_beat_4-4_best_2bar_segment_1.mid,train,beat,70,4-4,1,0,0,22,hiphop
49,23,test\drummer7-eval_session-10_soul-groove10_102_beat_4-4_best_2bar_segment_3.mid,test,beat,102,4-4,1,0,0,45,soul
4,59,train\drummer1-session1-202_rock-halftime_140_beat_4-4_best_2bar_segment_10.mid,train,beat,140,4-4,1,0,0,5,rock
13,85,train\drummer1-session2-9_jazz-march_120_beat_4-4_best_2bar_segment_15.mid,train,beat,120,4-4,1,0,0,20,jazz
47,72,train\drummer1-session1-82_neworleans-funk_84_beat_4-4_best_2bar_segment_24.mid,train,beat,84,4-4,1,0,0,44,neworleans
23,190,train\drummer7-session1-18_hiphop_100_beat_4-4_best_2bar_segment_1.mid,train,beat,100,4-4,1,0,0,28,hiphop
48,305,train\drummer9-session1-29_rock_90_beat_4-4_best_2bar_segment_1.mid,train,beat,90,4-4,1,0,0,44,rock
30,242,train\drummer8-session1-12_latin_118_beat_4-4_best_2bar_segment_21.mid,train,beat,118,4-4,1,0,0,33,latin
41,18,test\drummer5-eval_session-6_hiphop-groove6_87_beat_4-4_best_2bar_segment_3.mid,test,beat,87,4-4,1,0,0,37,hiphop
1,57,train\drummer1-session1-184_reggae_78_beat_4-4_best_2bar_segment_8.mid,train,beat,78,4-4,1,0,0,0,reggae
39,217,train\drummer7-session2-92_hiphop_75_beat_4-4_best_2bar_segment_0.mid,train,beat,75,4-4,1,0,0,36,hiphop
19,228,train\drummer7-session3-1_rock_60_beat_4-4_best_2bar_segment_4.mid,train,beat,60,4-4,1,0,0,25,rock
50,226,train\drummer7-session3-131_soul_105_beat_4-4_best_2bar_segment_9.mid,train,beat,105,4-4,1,0,0,45,soul
34,260,train\drummer8-session2-13_afrobeat_103_beat_4-4_best_2bar_segment_20.mid,train,beat,103,4-4,1,0,0,34,afrobeat
35,244,train\drummer8-session1-15_hiphop_94_beat_4-4_best_2bar_segment_11.mid,train,beat,94,4-4,1,0,0,34,hiphop
12,330,validation\drummer6-session3-5_rock_180_beat_4-4_best_2bar_segment_33.mid,validation,beat,180,4-4,1,0,0,17,rock
64,270,train\drummer8-session2-27_dance-disco_137_beat_4-4_best_2bar_segment_38.mid,train,beat,137,4-4,1,0,0,69,dance
22,38,test\drummer7-session3-133_soul_105_beat_4-4_best_2bar_segment_4.mid,test,beat,105,4-4,1,0,0,27,soul
43,203,train\drummer7-session2-1_rock_120_beat_4-4_best_2bar_segment_0.mid,train,beat,120,4-4,1,0,0,40,rock
0,96,train\drummer1-session3-7_dance-disco_120_beat_4-4_best_2bar_segment_10.mid,train,beat,120,4-4,1,0,0,0,dance
65,7,test\drummer1-session1-4_jazz-funk_116_beat_4-4_best_2bar_segment_5.mid,test,beat,116,4-4,1,0,0,70,jazz
14,342,validation\drummer8-session2-18_afrobeat_85_beat_4-4_best_2bar_segment_3.mid,validation,beat,85,4-4,1,0,0,20,afrobeat
26,39,test\drummer7-session3-24_hiphop_67_beat_4-4_best_2bar_segment_12.mid,test,beat,67,4-4,1,0,0,32,hiphop
2,197,train\drummer7-session1-8_rock_93_beat_4-4_best_2bar_segment_5.mid,train,beat,93,4-4,1,0,0,0,rock
3,4,test\drummer1-eval_session-4_soul-groove4_80_beat_4-4_best_2bar_segment_6.mid,test,beat,80,4-4,1,0,0,0,soul
61,201,train\drummer7-session2-115_jazz-fusion_96_beat_4-4_best_2bar_segment_6.mid,train,beat,96,4-4,1,0,0,64,jazz
63,178,train\drummer5-session2-9_neworleans-shuffle_104_beat_4-4_best_2bar_segment_5.mid,train,beat,104,4-4,1,0,0,68,neworleans
28,0,test\drummer1-eval_session-10_soul-groove10_102_beat_4-4_best_2bar_segment_6.mid,test,beat,102,4-4,1,0,0,32,soul
71,193,train\drummer7-session1-38_hiphop_100_beat_4-4_best_2bar_segment_1.mid,train,beat,100,4-4,1,0,0,108,hiphop
36,19,test\drummer5-eval_session-7_pop-groove7_138_beat_4-4_best_2bar_segment_6.mid,test,beat,138,4-4,1,0,0,34,pop
6,188,train\drummer7-session1-15_jazz_112_beat_4-4_best_2bar_segment_25.mid,train,beat,112,4-4,1,0,0,7,jazz
57,17,test\drummer5-eval_session-5_funk-groove5_84_beat_4-4_best_2bar_segment_6.mid,test,beat,84,4-4,1,0,0,57,funk
30,242,train\drummer8-session1-12_latin_118_beat_4-4_best_2bar_segment_21.mid,train,beat,118,4-4,1,0,0,33,latin
51,155,train\drummer5-session1-18_afrocuban_128_beat_4-4_best_2bar_segment_61.mid,train,beat,128,4-4,1,0,0,46,afrocuban
48,305,train\drummer9-session1-29_rock_90_beat_4-4_best_2bar_segment_1.mid,train,beat,90,4-4,1,0,0,44,rock
12,330,validation\drummer6-session3-5_rock_180_beat_4-4_best_2bar_segment_33.mid,validation,beat,180,4-4,1,0,0,17,rock
21,92,train\drummer1-session3-3_rock-rockabilly_200_beat_4-4_best_2bar_segment_24.mid,train,beat,200,4-4,1,0,0,26,rock
1,57,train\drummer1-session1-184_reggae_78_beat_4-4_best_2bar_segment_8.mid,train,beat,78,4-4,1,0,0,0,reggae
54,177,train\drummer5-session2-7_neworleans-secondline_124_beat_4-4_best_2bar_segment_9.mid,train,beat,124,4-4,1,0,0,52,neworleans
6,188,train\drummer7-session1-15_jazz_112_beat_4-4_best_2bar_segment_25.mid,train,beat,112,4-4,1,0,0,7,jazz
29,192,train\drummer7-session1-22_hiphop_100_beat_4-4_best_2bar_segment_2.mid,train,beat,100,4-4,1,0,0,32,hiphop
34,260,train\drummer8-session2-13_afrobeat_103_beat_4-4_best_2bar_segment_20.mid,train,beat,103,4-4,1,0,0,34,afrobeat
2,197,train\drummer7-session1-8_rock_93_beat_4-4_best_2bar_segment_5.mid,train,beat,93,4-4,1,0,0,0,rock
45,25,test\drummer7-eval_session-3_soul-groove3_86_beat_4-4_best_2bar_segment_7.mid,test,beat,86,4-4,1,0,0,41,soul
55,241,train\drummer8-session1-11_neworleans-funk_82_beat_4-4_best_2bar_segment_1.mid,train,beat,82,4-4,1,0,0,54,neworleans
66,21,test\drummer5-session1-12_latin-brazilian-sambareggae_96_beat_4-4_best_2bar_segment_41.mid,test,beat,96,4-4,1,0,0,73,latin
28,0,test\drummer1-eval_session-10_soul-groove10_102_beat_4-4_best_2bar_segment_6.mid,test,beat,102,4-4,1,0,0,32,soul
43,203,train\drummer7-session2-1_rock_120_beat_4-4_best_2bar_segment_0.mid,train,beat,120,4-4,1,0,0,40,rock
44,235,train\drummer7-session3-49_funk_112_beat_4-4_best_2bar_segment_3.mid,train,beat,112,4-4,1,0,0,41,funk
39,217,train\drummer7-session2-92_hiphop_75_beat_4-4_best_2bar_segment_0.mid,train,beat,75,4-4,1,0,0,36,hiphop
55,241,train\drummer8-session1-11_neworleans-funk_82_beat_4-4_best_2bar_segment_1.mid,train,beat,82,4-4,1,0,0,54,neworleans
1,57,train\drummer1-session1-184_reggae_78_beat_4-4_best_2bar_segment_8.mid,train,beat,78,4-4,1,0,0,0,reggae
70,151,train\drummer5-session1-14_latin-brazilian-songo_112_beat_4-4_best_2bar_segment_120.mid,train,beat,112,4-4,1,0,0,97,latin
48,305,train\drummer9-session1-29_rock_90_beat_4-4_best_2bar_segment_1.mid,train,beat,90,4-4,1,0,0,44,rock
10,106,train\drummer10-session1-7_jazz-swing_215_beat_4-4_best_2bar_segment_4.mid,train,beat,215,4-4,1,0,0,15,jazz
40,47,test\drummer8-session2-16_funk_95_beat_4-4_best_2bar_segment_4.mid,test,beat,95,4-4,1,0,0,37,funk
14,342,validation\drummer8-session2-18_afrobeat_85_beat_4-4_best_2bar_segment_3.mid,validation,beat,85,4-4,1,0,0,20,afrobeat
54,177,train\drummer5-session2-7_neworleans-secondline_124_beat_4-4_best_2bar_segment_9.mid,train,beat,124,4-4,1,0,0,52,neworleans
10,106,train\drummer10-session1-7_jazz-swing_215_beat_4-4_best_2bar_segment_4.mid,train,beat,215,4-4,1,0,0,15,jazz
21,92,train\drummer1-session3-3_rock-rockabilly_200_beat_4-4_best_2bar_segment_24.mid,train,beat,200,4-4,1,0,0,26,rock
17,157,train\drummer5-session1-1_latin-brazilian-bossa_127_beat_4-4_best_2bar_segment_16.mid,train,beat,127,4-4,1,0,0,24,latin
23,190,train\drummer7-session1-18_hiphop_100_beat_4-4_best_2bar_segment_1.mid,train,beat,100,4-4,1,0,0,28,hiphop
26,39,test\drummer7-session3-24_hiphop_67_beat_4-4_best_2bar_segment_12.mid,test,beat,67,4-4,1,0,0,32,hiphop
4,59,train\drummer1-session1-202_rock-halftime_140_beat_4-4_best_2bar_segment_10.mid,train,beat,140,4-4,1,0,0,5,rock
7,120,train\drummer3-session1-20_rock_120_beat_4-4_best_2bar_segment_0.mid,train,beat,120,4-4,1,0,0,13,rock
9,95,train\drummer1-session3-6_dance-disco_120_beat_4-4_best_2bar_segment_68.mid,train,beat,120,4-4,1,0,0,14,dance
30,242,train\drummer8-session1-12_latin_118_beat_4-4_best_2bar_segment_21.mid,train,beat,118,4-4,1,0,0,33,latin
27,99,train\drummer10-session1-10_jazz-swing_110_beat_4-4_best_2bar_segment_27.mid,train,beat,110,4-4,1,0,0,32,jazz
3,4,test\drummer1-eval_session-4_soul-groove4_80_beat_4-4_best_2bar_segment_6.mid,test,beat,80,4-4,1,0,0,0,soul
56,159,train\drummer5-session1-3_latin-brazilian-samba_89_beat_4-4_best_2bar_segment_15.mid,train,beat,89,4-4,1,0,0,54,latin
67,174,train\drummer5-session2-3_latin-brazilian_101_beat_4-4_best_2bar_segment_25.mid,train,beat,101,4-4,1,0,0,75,latin
32,258,train\drummer8-session2-10_hiphop_86_beat_4-4_best_2bar_segment_4.mid,train,beat,86,4-4,1,0,0,33,hiphop
18,35,test\drummer7-session2-93_hiphop_75_beat_4-4_best_2bar_segment_0.mid,test,beat,75,4-4,1,0,0,25,hiphop
54,177,train\drummer5-session2-7_neworleans-secondline_124_beat_4-4_best_2bar_segment_9.mid,train,beat,124,4-4,1,0,0,52,neworleans
69,267,train\drummer8-session2-24_latin_84_beat_4-4_best_2bar_segment_32.mid,train,beat,84,4-4,1,0,0,80,latin
46,162,train\drummer5-session1-9_latin-dominican-merengue_130_beat_4-4_best_2bar_segment_51.mid,train,beat,130,4-4,1,0,0,42,latin
62,314,validation\drummer1-session1-38_latin-samba_116_beat_4-4_best_2bar_segment_25.mid,validation,beat,116,4-4,1,0,0,66,latin
14,342,validation\drummer8-session2-18_afrobeat_85_beat_4-4_best_2bar_segment_3.mid,validation,beat,85,4-4,1,0,0,20,afrobeat
53,15,test\drummer5-eval_session-3_soul-groove3_86_beat_4-4_best_2bar_segment_4.mid,test,beat,86,4-4,1,0,0,50,soul
59,213,train\drummer7-session2-77_funk_100_beat_4-4_best_2bar_segment_0.mid,train,beat,100,4-4,1,0,0,63,funk
8,229,train\drummer7-session3-23_pop-soft_83_beat_4-4_best_2bar_segment_1.mid,train,beat,83,4-4,1,0,0,14,pop
18,35,test\drummer7-session2-93_hiphop_75_beat_4-4_best_2bar_segment_0.mid,test,beat,75,4-4,1,0,0,25,hiphop
38,107,train\drummer10-session1-9_jazz-swing_110_beat_4-4_best_2bar_segment_15.mid,train,beat,110,4-4,1,0,0,36,jazz
53,15,test\drummer5-eval_session-3_soul-groove3_86_beat_4-4_best_2bar_segment_4.mid,test,beat,86,4-4,1,0,0,50,soul
45,25,test\drummer7-eval_session-3_soul-groove3_86_beat_4-4_best_2bar_segment_7.mid,test,beat,86,4-4,1,0,0,41,soul
63,178,train\drummer5-session2-9_neworleans-shuffle_104_beat_4-4_best_2bar_segment_5.mid,train,beat,104,4-4,1,0,0,68,neworleans
43,203,train\drummer7-session2-1_rock_120_beat_4-4_best_2bar_segment_0.mid,train,beat,120,4-4,1,0,0,40,rock
13,85,train\drummer1-session2-9_jazz-march_120_beat_4-4_best_2bar_segment_15.mid,train,beat,120,4-4,1,0,0,20,jazz
51,155,train\drummer5-session1-18_afrocuban_128_beat_4-4_best_2bar_segment_61.mid,train,beat,128,4-4,1,0,0,46,afrocuban
5,338,validation\drummer7-session2-96_pop_142_beat_4-4_best_2bar_segment_24.mid,validation,beat,142,4-4,1,0,0,6,pop
51,155,train\drummer5-session1-18_afrocuban_128_beat_4-4_best_2bar_segment_61.mid,train,beat,128,4-4,1,0,0,46,afrocuban
42,27,test\drummer7-eval_session-5_funk-groove5_84_beat_4-4_best_2bar_segment_9.mid,test,beat,84,4-4,1,0,0,39,funk
62,314,validation\drummer1-session1-38_latin-samba_116_beat_4-4_best_2bar_segment_25.mid,validation,beat,116,4-4,1,0,0,66,latin
56,159,train\drummer5-session1-3_latin-brazilian-samba_89_beat_4-4_best_2bar_segment_15.mid,train,beat,89,4-4,1,0,0,54,latin
9,95,train\drummer1-session3-6_dance-disco_120_beat_4-4_best_2bar_segment_68.mid,train,beat,120,4-4,1,0,0,14,dance
3,4,test\drummer1-eval_session-4_soul-groove4_80_beat_4-4_best_2bar_segment_6.mid,test,beat,80,4-4,1,0,0,0,soul
60,323,validation\drummer5-session1-11_latin-brazilian-sambareggae_96_beat_4-4_best_2bar_segment_11.mid,validation,beat,96,4-4,1,0,0,64,latin
0,96,train\drummer1-session3-7_dance-disco_120_beat_4-4_best_2bar_segment_10.mid,train,beat,120,4-4,1,0,0,0,dance
56,159,train\drummer5-session1-3_latin-brazilian-samba_89_beat_4-4_best_2bar_segment_15.mid,train,beat,89,4-4,1,0,0,54,latin
71,193,train\drummer7-session1-38_hiphop_100_beat_4-4_best_2bar_segment_1.mid,train,beat,100,4-4,1,0,0,108,hiphop
38,107,train\drummer10-session1-9_jazz-swing_110_beat_4-4_best_2bar_segment_15.mid,train,beat,110,4-4,1,0,0,36,jazz
20,33,test\drummer7-session2-114_jazz-fusion_96_beat_4-4_best_2bar_segment_2.mid,test,beat,96,4-4,1,0,0,26,jazz
60,323,validation\drummer5-session1-11_latin-brazilian-sambareggae_96_beat_4-4_best_2bar_segment_11.mid,validation,beat,96,4-4,1,0,0,64,latin
33,257,train\drummer8-session1-7_funk_80_beat_4-4_best_2bar_segment_11.mid,train,beat,80,4-4,1,0,0,34,funk
28,0,test\drummer1-eval_session-10_soul-groove10_102_beat_4-4_best_2bar_segment_6.mid,test,beat,102,4-4,1,0,0,32,soul
67,174,train\drummer5-session2-3_latin-brazilian_101_beat_4-4_best_2bar_segment_25.mid,train,beat,101,4-4,1,0,0,75,latin
36,19,test\drummer5-eval_session-7_pop-groove7_138_beat_4-4_best_2bar_segment_6.mid,test,beat,138,4-4,1,0,0,34,pop
52,13,test\drummer5-eval_session-1_funk-groove1_138_beat_4-4_best_2bar_segment_0.mid,test,beat,138,4-4,1,0,0,46,funk
26,39,test\drummer7-session3-24_hiphop_67_beat_4-4_best_2bar_segment_12.mid,test,beat,67,4-4,1,0,0,32,hiphop
70,151,train\drummer5-session1-14_latin-brazilian-songo_112_beat_4-4_best_2bar_segment_120.mid,train,beat,112,4-4,1,0,0,97,latin
68,278,train\drummer8-session2-34_latin-brazilian-songo_120_beat_4-4_best_2bar_segment_32.mid,train,beat,120,4-4,1,0,0,80,latin
37,282,train\drummer8-session2-39_rock-indie_104_beat_4-4_best_2bar_segment_19.mid,train,beat,104,4-4,1,0,0,34,rock
60,323,validation\drummer5-session1-11_latin-brazilian-sambareggae_96_beat_4-4_best_2bar_segment_11.mid,validation,beat,96,4-4,1,0,0,64,latin
24,79,train\drummer1-session2-32_punk_140_beat_4-4_best_2bar_segment_16.mid,train,beat,140,4-4,1,0,0,30,punk
36,19,test\drummer5-eval_session-7_pop-groove7_138_beat_4-4_best_2bar_segment_6.mid,test,beat,138,4-4,1,0,0,34,pop
19,228,train\drummer7-session3-1_rock_60_beat_4-4_best_2bar_segment_4.mid,train,beat,60,4-4,1,0,0,25,rock
65,7,test\drummer1-session1-4_jazz-funk_116_beat_4-4_best_2bar_segment_5.mid,test,beat,116,4-4,1,0,0,70,jazz
25,65,train\drummer1-session1-52_jazz_125_beat_4-4_best_2bar_segment_36.mid,train,beat,125,4-4,1,0,0,31,jazz
61,201,train\drummer7-session2-115_jazz-fusion_96_beat_4-4_best_2bar_segment_6.mid,train,beat,96,4-4,1,0,0,64,jazz
59,213,train\drummer7-session2-77_funk_100_beat_4-4_best_2bar_segment_0.mid,train,beat,100,4-4,1,0,0,63,funk
42,27,test\drummer7-eval_session-5_funk-groove5_84_beat_4-4_best_2bar_segment_9.mid,test,beat,84,4-4,1,0,0,39,funk
22,38,test\drummer7-session3-133_soul_105_beat_4-4_best_2bar_segment_4.mid,test,beat,105,4-4,1,0,0,27,soul
44,235,train\drummer7-session3-49_funk_112_beat_4-4_best_2bar_segment_3.mid,train,beat,112,4-4,1,0,0,41,funk
70,151,train\drummer5-session1-14_latin-brazilian-songo_112_beat_4-4_best_2bar_segment_120.mid,train,beat,112,4-4,1,0,0,97,latin
17,157,train\drummer5-session1-1_latin-brazilian-bossa_127_beat_4-4_best_2bar_segment_16.mid,train,beat,127,4-4,1,0,0,24,latin
15,219,train\drummer7-session3-106_hiphop_70_beat_4-4_best_2bar_segment_1.mid,train,beat,70,4-4,1,0,0,22,hiphop
27,99,train\drummer10-session1-10_jazz-swing_110_beat_4-4_best_2bar_segment_27.mid,train,beat,110,4-4,1,0,0,32,jazz
