session,track,grooVAE_name,dualised_name,index,original_file_location,bpm,Syncopation,style
set0,0,set0_track00_drummer9-session1-21_rock_120_beat_4-4_best_2bar_segment_0_original.mid,set0_track00_drummer9-session1-21_rock_120_beat_4-4_best_2bar_segment_0_dualised.mid,299,train\drummer9-session1-21_rock_120_beat_4-4_best_2bar_segment_0.mid,120,33,rock
set0,1,set0_track01_drummer7-session2-92_hiphop_75_beat_4-4_best_2bar_segment_0_original.mid,set0_track01_drummer7-session2-92_hiphop_75_beat_4-4_best_2bar_segment_0_dualised.mid,217,train\drummer7-session2-92_hiphop_75_beat_4-4_best_2bar_segment_0.mid,75,36,hiphop
set0,2,set0_track02_drummer9-session1-21_rock_120_beat_4-4_best_2bar_segment_0_original.mid,set0_track02_drummer9-session1-21_rock_120_beat_4-4_best_2bar_segment_0_dualised.mid,299,train\drummer9-session1-21_rock_120_beat_4-4_best_2bar_segment_0.mid,120,33,rock
set0,3,set0_track03_drummer5-eval_session-3_soul-groove3_86_beat_4-4_best_2bar_segment_4_original.mid,set0_track03_drummer5-eval_session-3_soul-groove3_86_beat_4-4_best_2bar_segment_4_dualised.mid,15,test\drummer5-eval_session-3_soul-groove3_86_beat_4-4_best_2bar_segment_4.mid,86,50,soul
set0,4,set0_track04_drummer8-session2-27_dance-disco_137_beat_4-4_best_2bar_segment_38_original.mid,set0_track04_drummer8-session2-27_dance-disco_137_beat_4-4_best_2bar_segment_38_dualised.mid,270,train\drummer8-session2-27_dance-disco_137_beat_4-4_best_2bar_segment_38.mid,137,69,dance
set0,5,set0_track05_drummer4-session1-3_jazz-klezmer_152_beat_4-4_best_2bar_segment_3_original.mid,set0_track05_drummer4-session1-3_jazz-klezmer_152_beat_4-4_best_2bar_segment_3_dualised.mid,145,train\drummer4-session1-3_jazz-klezmer_152_beat_4-4_best_2bar_segment_3.mid,152,16,jazz
set0,6,set0_track06_drummer7-session2-114_jazz-fusion_96_beat_4-4_best_2bar_segment_2_original.mid,set0_track06_drummer7-session2-114_jazz-fusion_96_beat_4-4_best_2bar_segment_2_dualised.mid,33,test\drummer7-session2-114_jazz-fusion_96_beat_4-4_best_2bar_segment_2.mid,96,26,jazz
set0,7,set0_track07_drummer8-session2-24_latin_84_beat_4-4_best_2bar_segment_32_original.mid,set0_track07_drummer8-session2-24_latin_84_beat_4-4_best_2bar_segment_32_dualised.mid,267,train\drummer8-session2-24_latin_84_beat_4-4_best_2bar_segment_32.mid,84,80,latin
set0,8,set0_track08_drummer7-eval_session-10_soul-groove10_102_beat_4-4_best_2bar_segment_3_original.mid,set0_track08_drummer7-eval_session-10_soul-groove10_102_beat_4-4_best_2bar_segment_3_dualised.mid,23,test\drummer7-eval_session-10_soul-groove10_102_beat_4-4_best_2bar_segment_3.mid,102,45,soul
set0,9,set0_track09_drummer4-session1-3_jazz-klezmer_152_beat_4-4_best_2bar_segment_3_original.mid,set0_track09_drummer4-session1-3_jazz-klezmer_152_beat_4-4_best_2bar_segment_3_dualised.mid,145,train\drummer4-session1-3_jazz-klezmer_152_beat_4-4_best_2bar_segment_3.mid,152,16,jazz
set0,10,set0_track10_drummer6-session3-5_rock_180_beat_4-4_best_2bar_segment_33_original.mid,set0_track10_drummer6-session3-5_rock_180_beat_4-4_best_2bar_segment_33_dualised.mid,330,validation\drummer6-session3-5_rock_180_beat_4-4_best_2bar_segment_33.mid,180,17,rock
set0,11,set0_track11_drummer7-session1-38_hiphop_100_beat_4-4_best_2bar_segment_1_original.mid,set0_track11_drummer7-session1-38_hiphop_100_beat_4-4_best_2bar_segment_1_dualised.mid,193,train\drummer7-session1-38_hiphop_100_beat_4-4_best_2bar_segment_1.mid,100,108,hiphop
set0,12,set0_track12_drummer7-session1-22_hiphop_100_beat_4-4_best_2bar_segment_2_original.mid,set0_track12_drummer7-session1-22_hiphop_100_beat_4-4_best_2bar_segment_2_dualised.mid,192,train\drummer7-session1-22_hiphop_100_beat_4-4_best_2bar_segment_2.mid,100,32,hiphop
set0,13,set0_track13_drummer1-session1-82_neworleans-funk_84_beat_4-4_best_2bar_segment_24_original.mid,set0_track13_drummer1-session1-82_neworleans-funk_84_beat_4-4_best_2bar_segment_24_dualised.mid,72,train\drummer1-session1-82_neworleans-funk_84_beat_4-4_best_2bar_segment_24.mid,84,44,neworleans
set0,14,set0_track14_drummer7-eval_session-10_soul-groove10_102_beat_4-4_best_2bar_segment_3_original.mid,set0_track14_drummer7-eval_session-10_soul-groove10_102_beat_4-4_best_2bar_segment_3_dualised.mid,23,test\drummer7-eval_session-10_soul-groove10_102_beat_4-4_best_2bar_segment_3.mid,102,45,soul
set0,15,set0_track15_drummer1-session3-6_dance-disco_120_beat_4-4_best_2bar_segment_68_original.mid,set0_track15_drummer1-session3-6_dance-disco_120_beat_4-4_best_2bar_segment_68_dualised.mid,95,train\drummer1-session3-6_dance-disco_120_beat_4-4_best_2bar_segment_68.mid,120,14,dance
set0,16,set0_track16_drummer1-session1-52_jazz_125_beat_4-4_best_2bar_segment_36_original.mid,set0_track16_drummer1-session1-52_jazz_125_beat_4-4_best_2bar_segment_36_dualised.mid,65,train\drummer1-session1-52_jazz_125_beat_4-4_best_2bar_segment_36.mid,125,31,jazz
set0,17,set0_track17_drummer8-session1-19_funk_108_beat_4-4_best_2bar_segment_27_original.mid,set0_track17_drummer8-session1-19_funk_108_beat_4-4_best_2bar_segment_27_dualised.mid,46,test\drummer8-session1-19_funk_108_beat_4-4_best_2bar_segment_27.mid,108,61,funk
set0,18,set0_track18_drummer8-session1-11_neworleans-funk_82_beat_4-4_best_2bar_segment_1_original.mid,set0_track18_drummer8-session1-11_neworleans-funk_82_beat_4-4_best_2bar_segment_1_dualised.mid,241,train\drummer8-session1-11_neworleans-funk_82_beat_4-4_best_2bar_segment_1.mid,82,54,neworleans
set0,19,set0_track19_drummer7-session2-93_hiphop_75_beat_4-4_best_2bar_segment_0_original.mid,set0_track19_drummer7-session2-93_hiphop_75_beat_4-4_best_2bar_segment_0_dualised.mid,35,test\drummer7-session2-93_hiphop_75_beat_4-4_best_2bar_segment_0.mid,75,25,hiphop
set0,20,set0_track20_drummer1-session1-52_jazz_125_beat_4-4_best_2bar_segment_36_original.mid,set0_track20_drummer1-session1-52_jazz_125_beat_4-4_best_2bar_segment_36_dualised.mid,65,train\drummer1-session1-52_jazz_125_beat_4-4_best_2bar_segment_36.mid,125,31,jazz
set0,21,set0_track21_drummer7-session3-106_hiphop_70_beat_4-4_best_2bar_segment_1_original.mid,set0_track21_drummer7-session3-106_hiphop_70_beat_4-4_best_2bar_segment_1_dualised.mid,219,train\drummer7-session3-106_hiphop_70_beat_4-4_best_2bar_segment_1.mid,70,22,hiphop
set0,22,set0_track22_drummer7-session3-23_pop-soft_83_beat_4-4_best_2bar_segment_1_original.mid,set0_track22_drummer7-session3-23_pop-soft_83_beat_4-4_best_2bar_segment_1_dualised.mid,229,train\drummer7-session3-23_pop-soft_83_beat_4-4_best_2bar_segment_1.mid,83,14,pop
set0,23,set0_track23_drummer3-session1-20_rock_120_beat_4-4_best_2bar_segment_0_original.mid,set0_track23_drummer3-session1-20_rock_120_beat_4-4_best_2bar_segment_0_dualised.mid,120,train\drummer3-session1-20_rock_120_beat_4-4_best_2bar_segment_0.mid,120,13,rock
set0,24,set0_track24_drummer1-session2-32_punk_140_beat_4-4_best_2bar_segment_16_original.mid,set0_track24_drummer1-session2-32_punk_140_beat_4-4_best_2bar_segment_16_dualised.mid,79,train\drummer1-session2-32_punk_140_beat_4-4_best_2bar_segment_16.mid,140,30,punk
set0,25,set0_track25_drummer7-session2-96_pop_142_beat_4-4_best_2bar_segment_24_original.mid,set0_track25_drummer7-session2-96_pop_142_beat_4-4_best_2bar_segment_24_dualised.mid,338,validation\drummer7-session2-96_pop_142_beat_4-4_best_2bar_segment_24.mid,142,6,pop
set0,26,set0_track26_drummer1-session1-82_neworleans-funk_84_beat_4-4_best_2bar_segment_24_original.mid,set0_track26_drummer1-session1-82_neworleans-funk_84_beat_4-4_best_2bar_segment_24_dualised.mid,72,train\drummer1-session1-82_neworleans-funk_84_beat_4-4_best_2bar_segment_24.mid,84,44,neworleans
set0,27,set0_track27_drummer4-session1-3_jazz-klezmer_152_beat_4-4_best_2bar_segment_3_original.mid,set0_track27_drummer4-session1-3_jazz-klezmer_152_beat_4-4_best_2bar_segment_3_dualised.mid,145,train\drummer4-session1-3_jazz-klezmer_152_beat_4-4_best_2bar_segment_3.mid,152,16,jazz
set0,28,set0_track28_drummer7-session3-23_pop-soft_83_beat_4-4_best_2bar_segment_1_original.mid,set0_track28_drummer7-session3-23_pop-soft_83_beat_4-4_best_2bar_segment_1_dualised.mid,229,train\drummer7-session3-23_pop-soft_83_beat_4-4_best_2bar_segment_1.mid,83,14,pop
set0,29,set0_track29_drummer7-session2-104_pop_132_beat_4-4_best_2bar_segment_1_original.mid,set0_track29_drummer7-session2-104_pop_132_beat_4-4_best_2bar_segment_1_dualised.mid,200,train\drummer7-session2-104_pop_132_beat_4-4_best_2bar_segment_1.mid,132,24,pop
set0,30,set0_track30_drummer10-session1-7_jazz-swing_215_beat_4-4_best_2bar_segment_4_original.mid,set0_track30_drummer10-session1-7_jazz-swing_215_beat_4-4_best_2bar_segment_4_dualised.mid,106,train\drummer10-session1-7_jazz-swing_215_beat_4-4_best_2bar_segment_4.mid,215,15,jazz
set0,31,set0_track31_drummer7-session2-114_jazz-fusion_96_beat_4-4_best_2bar_segment_2_original.mid,set0_track31_drummer7-session2-114_jazz-fusion_96_beat_4-4_best_2bar_segment_2_dualised.mid,33,test\drummer7-session2-114_jazz-fusion_96_beat_4-4_best_2bar_segment_2.mid,96,26,jazz
set0,32,set0_track32_drummer1-session3-7_dance-disco_120_beat_4-4_best_2bar_segment_10_original.mid,set0_track32_drummer1-session3-7_dance-disco_120_beat_4-4_best_2bar_segment_10_dualised.mid,96,train\drummer1-session3-7_dance-disco_120_beat_4-4_best_2bar_segment_10.mid,120,0,dance
set0,33,set0_track33_drummer5-eval_session-6_hiphop-groove6_87_beat_4-4_best_2bar_segment_3_original.mid,set0_track33_drummer5-eval_session-6_hiphop-groove6_87_beat_4-4_best_2bar_segment_3_dualised.mid,18,test\drummer5-eval_session-6_hiphop-groove6_87_beat_4-4_best_2bar_segment_3.mid,87,37,hiphop
set0,34,set0_track34_drummer7-session1-8_rock_93_beat_4-4_best_2bar_segment_5_original.mid,set0_track34_drummer7-session1-8_rock_93_beat_4-4_best_2bar_segment_5_dualised.mid,197,train\drummer7-session1-8_rock_93_beat_4-4_best_2bar_segment_5.mid,93,0,rock
set0,35,set0_track35_drummer8-session1-15_hiphop_94_beat_4-4_best_2bar_segment_11_original.mid,set0_track35_drummer8-session1-15_hiphop_94_beat_4-4_best_2bar_segment_11_dualised.mid,244,train\drummer8-session1-15_hiphop_94_beat_4-4_best_2bar_segment_11.mid,94,34,hiphop
set0,36,set0_track36_drummer7-session3-133_soul_105_beat_4-4_best_2bar_segment_4_original.mid,set0_track36_drummer7-session3-133_soul_105_beat_4-4_best_2bar_segment_4_dualised.mid,38,test\drummer7-session3-133_soul_105_beat_4-4_best_2bar_segment_4.mid,105,27,soul
set0,37,set0_track37_drummer9-session1-21_rock_120_beat_4-4_best_2bar_segment_0_original.mid,set0_track37_drummer9-session1-21_rock_120_beat_4-4_best_2bar_segment_0_dualised.mid,299,train\drummer9-session1-21_rock_120_beat_4-4_best_2bar_segment_0.mid,120,33,rock
set0,38,set0_track38_drummer8-session2-34_latin-brazilian-songo_120_beat_4-4_best_2bar_segment_32_original.mid,set0_track38_drummer8-session2-34_latin-brazilian-songo_120_beat_4-4_best_2bar_segment_32_dualised.mid,278,train\drummer8-session2-34_latin-brazilian-songo_120_beat_4-4_best_2bar_segment_32.mid,120,80,latin
set0,39,set0_track39_drummer1-session1-202_rock-halftime_140_beat_4-4_best_2bar_segment_10_original.mid,set0_track39_drummer1-session1-202_rock-halftime_140_beat_4-4_best_2bar_segment_10_dualised.mid,59,train\drummer1-session1-202_rock-halftime_140_beat_4-4_best_2bar_segment_10.mid,140,5,rock
set0,40,set0_track40_drummer7-session1-22_hiphop_100_beat_4-4_best_2bar_segment_2_original.mid,set0_track40_drummer7-session1-22_hiphop_100_beat_4-4_best_2bar_segment_2_dualised.mid,192,train\drummer7-session1-22_hiphop_100_beat_4-4_best_2bar_segment_2.mid,100,32,hiphop
set0,41,set0_track41_drummer5-eval_session-5_funk-groove5_84_beat_4-4_best_2bar_segment_6_original.mid,set0_track41_drummer5-eval_session-5_funk-groove5_84_beat_4-4_best_2bar_segment_6_dualised.mid,17,test\drummer5-eval_session-5_funk-groove5_84_beat_4-4_best_2bar_segment_6.mid,84,57,funk
set0,42,set0_track42_drummer5-session1-12_latin-brazilian-sambareggae_96_beat_4-4_best_2bar_segment_41_original.mid,set0_track42_drummer5-session1-12_latin-brazilian-sambareggae_96_beat_4-4_best_2bar_segment_41_dualised.mid,21,test\drummer5-session1-12_latin-brazilian-sambareggae_96_beat_4-4_best_2bar_segment_41.mid,96,73,latin
set0,43,set0_track43_drummer7-eval_session-3_soul-groove3_86_beat_4-4_best_2bar_segment_7_original.mid,set0_track43_drummer7-eval_session-3_soul-groove3_86_beat_4-4_best_2bar_segment_7_dualised.mid,25,test\drummer7-eval_session-3_soul-groove3_86_beat_4-4_best_2bar_segment_7.mid,86,41,soul
set0,44,set0_track44_drummer1-session3-3_rock-rockabilly_200_beat_4-4_best_2bar_segment_24_original.mid,set0_track44_drummer1-session3-3_rock-rockabilly_200_beat_4-4_best_2bar_segment_24_dualised.mid,92,train\drummer1-session3-3_rock-rockabilly_200_beat_4-4_best_2bar_segment_24.mid,200,26,rock
set0,45,set0_track45_drummer8-session2-39_rock-indie_104_beat_4-4_best_2bar_segment_19_original.mid,set0_track45_drummer8-session2-39_rock-indie_104_beat_4-4_best_2bar_segment_19_dualised.mid,282,train\drummer8-session2-39_rock-indie_104_beat_4-4_best_2bar_segment_19.mid,104,34,rock
set0,46,set0_track46_drummer8-session2-34_latin-brazilian-songo_120_beat_4-4_best_2bar_segment_32_original.mid,set0_track46_drummer8-session2-34_latin-brazilian-songo_120_beat_4-4_best_2bar_segment_32_dualised.mid,278,train\drummer8-session2-34_latin-brazilian-songo_120_beat_4-4_best_2bar_segment_32.mid,120,80,latin
set0,47,set0_track47_drummer7-session3-49_funk_112_beat_4-4_best_2bar_segment_3_original.mid,set0_track47_drummer7-session3-49_funk_112_beat_4-4_best_2bar_segment_3_dualised.mid,235,train\drummer7-session3-49_funk_112_beat_4-4_best_2bar_segment_3.mid,112,41,funk
set0,48,set0_track48_drummer8-session2-10_hiphop_86_beat_4-4_best_2bar_segment_4_original.mid,set0_track48_drummer8-session2-10_hiphop_86_beat_4-4_best_2bar_segment_4_dualised.mid,258,train\drummer8-session2-10_hiphop_86_beat_4-4_best_2bar_segment_4.mid,86,33,hiphop
set0,49,set0_track49_drummer7-session1-15_jazz_112_beat_4-4_best_2bar_segment_25_original.mid,set0_track49_drummer7-session1-15_jazz_112_beat_4-4_best_2bar_segment_25_dualised.mid,188,train\drummer7-session1-15_jazz_112_beat_4-4_best_2bar_segment_25.mid,112,7,jazz
set0,50,set0_track50_drummer8-session2-27_dance-disco_137_beat_4-4_best_2bar_segment_38_original.mid,set0_track50_drummer8-session2-27_dance-disco_137_beat_4-4_best_2bar_segment_38_dualised.mid,270,train\drummer8-session2-27_dance-disco_137_beat_4-4_best_2bar_segment_38.mid,137,69,dance
set0,51,set0_track51_drummer5-eval_session-6_hiphop-groove6_87_beat_4-4_best_2bar_segment_3_original.mid,set0_track51_drummer5-eval_session-6_hiphop-groove6_87_beat_4-4_best_2bar_segment_3_dualised.mid,18,test\drummer5-eval_session-6_hiphop-groove6_87_beat_4-4_best_2bar_segment_3.mid,87,37,hiphop
set0,52,set0_track52_drummer8-session1-7_funk_80_beat_4-4_best_2bar_segment_11_original.mid,set0_track52_drummer8-session1-7_funk_80_beat_4-4_best_2bar_segment_11_dualised.mid,257,train\drummer8-session1-7_funk_80_beat_4-4_best_2bar_segment_11.mid,80,34,funk
set0,53,set0_track53_drummer3-session1-20_rock_120_beat_4-4_best_2bar_segment_0_original.mid,set0_track53_drummer3-session1-20_rock_120_beat_4-4_best_2bar_segment_0_dualised.mid,120,train\drummer3-session1-20_rock_120_beat_4-4_best_2bar_segment_0.mid,120,13,rock
set0,54,set0_track54_drummer5-session1-9_latin-dominican-merengue_130_beat_4-4_best_2bar_segment_51_original.mid,set0_track54_drummer5-session1-9_latin-dominican-merengue_130_beat_4-4_best_2bar_segment_51_dualised.mid,162,train\drummer5-session1-9_latin-dominican-merengue_130_beat_4-4_best_2bar_segment_51.mid,130,42,latin
set0,55,set0_track55_drummer5-session1-9_latin-dominican-merengue_130_beat_4-4_best_2bar_segment_51_original.mid,set0_track55_drummer5-session1-9_latin-dominican-merengue_130_beat_4-4_best_2bar_segment_51_dualised.mid,162,train\drummer5-session1-9_latin-dominican-merengue_130_beat_4-4_best_2bar_segment_51.mid,130,42,latin
set0,56,set0_track56_drummer8-session2-24_latin_84_beat_4-4_best_2bar_segment_32_original.mid,set0_track56_drummer8-session2-24_latin_84_beat_4-4_best_2bar_segment_32_dualised.mid,267,train\drummer8-session2-24_latin_84_beat_4-4_best_2bar_segment_32.mid,84,80,latin
set0,57,set0_track57_drummer5-session2-9_neworleans-shuffle_104_beat_4-4_best_2bar_segment_5_original.mid,set0_track57_drummer5-session2-9_neworleans-shuffle_104_beat_4-4_best_2bar_segment_5_dualised.mid,178,train\drummer5-session2-9_neworleans-shuffle_104_beat_4-4_best_2bar_segment_5.mid,104,68,neworleans
set0,58,set0_track58_drummer8-session1-15_hiphop_94_beat_4-4_best_2bar_segment_11_original.mid,set0_track58_drummer8-session1-15_hiphop_94_beat_4-4_best_2bar_segment_11_dualised.mid,244,train\drummer8-session1-15_hiphop_94_beat_4-4_best_2bar_segment_11.mid,94,34,hiphop
set0,59,set0_track59_drummer5-eval_session-5_funk-groove5_84_beat_4-4_best_2bar_segment_6_original.mid,set0_track59_drummer5-eval_session-5_funk-groove5_84_beat_4-4_best_2bar_segment_6_dualised.mid,17,test\drummer5-eval_session-5_funk-groove5_84_beat_4-4_best_2bar_segment_6.mid,84,57,funk
set0,60,set0_track60_drummer7-session3-1_rock_60_beat_4-4_best_2bar_segment_4_original.mid,set0_track60_drummer7-session3-1_rock_60_beat_4-4_best_2bar_segment_4_dualised.mid,228,train\drummer7-session3-1_rock_60_beat_4-4_best_2bar_segment_4.mid,60,25,rock
set0,61,set0_track61_drummer1-session2-32_punk_140_beat_4-4_best_2bar_segment_16_original.mid,set0_track61_drummer1-session2-32_punk_140_beat_4-4_best_2bar_segment_16_dualised.mid,79,train\drummer1-session2-32_punk_140_beat_4-4_best_2bar_segment_16.mid,140,30,punk
set0,62,set0_track62_drummer10-session1-10_jazz-swing_110_beat_4-4_best_2bar_segment_27_original.mid,set0_track62_drummer10-session1-10_jazz-swing_110_beat_4-4_best_2bar_segment_27_dualised.mid,99,train\drummer10-session1-10_jazz-swing_110_beat_4-4_best_2bar_segment_27.mid,110,32,jazz
set0,63,set0_track63_drummer7-session1-18_hiphop_100_beat_4-4_best_2bar_segment_1_original.mid,set0_track63_drummer7-session1-18_hiphop_100_beat_4-4_best_2bar_segment_1_dualised.mid,190,train\drummer7-session1-18_hiphop_100_beat_4-4_best_2bar_segment_1.mid,100,28,hiphop
set0,64,set0_track64_drummer10-session1-9_jazz-swing_110_beat_4-4_best_2bar_segment_15_original.mid,set0_track64_drummer10-session1-9_jazz-swing_110_beat_4-4_best_2bar_segment_15_dualised.mid,107,train\drummer10-session1-9_jazz-swing_110_beat_4-4_best_2bar_segment_15.mid,110,36,jazz
set0,65,set0_track65_drummer5-eval_session-1_funk-groove1_138_beat_4-4_best_2bar_segment_0_original.mid,set0_track65_drummer5-eval_session-1_funk-groove1_138_beat_4-4_best_2bar_segment_0_dualised.mid,13,test\drummer5-eval_session-1_funk-groove1_138_beat_4-4_best_2bar_segment_0.mid,138,46,funk
set0,66,set0_track66_drummer8-session1-19_funk_108_beat_4-4_best_2bar_segment_27_original.mid,set0_track66_drummer8-session1-19_funk_108_beat_4-4_best_2bar_segment_27_dualised.mid,46,test\drummer8-session1-19_funk_108_beat_4-4_best_2bar_segment_27.mid,108,61,funk
set0,67,set0_track67_drummer1-session2-9_jazz-march_120_beat_4-4_best_2bar_segment_15_original.mid,set0_track67_drummer1-session2-9_jazz-march_120_beat_4-4_best_2bar_segment_15_dualised.mid,85,train\drummer1-session2-9_jazz-march_120_beat_4-4_best_2bar_segment_15.mid,120,20,jazz
set0,68,set0_track68_drummer8-session2-13_afrobeat_103_beat_4-4_best_2bar_segment_20_original.mid,set0_track68_drummer8-session2-13_afrobeat_103_beat_4-4_best_2bar_segment_20_dualised.mid,260,train\drummer8-session2-13_afrobeat_103_beat_4-4_best_2bar_segment_20.mid,103,34,afrobeat
set0,69,set0_track69_drummer7-session2-104_pop_132_beat_4-4_best_2bar_segment_1_original.mid,set0_track69_drummer7-session2-104_pop_132_beat_4-4_best_2bar_segment_1_dualised.mid,200,train\drummer7-session2-104_pop_132_beat_4-4_best_2bar_segment_1.mid,132,24,pop
set0,70,set0_track70_drummer5-eval_session-1_funk-groove1_138_beat_4-4_best_2bar_segment_0_original.mid,set0_track70_drummer5-eval_session-1_funk-groove1_138_beat_4-4_best_2bar_segment_0_dualised.mid,13,test\drummer5-eval_session-1_funk-groove1_138_beat_4-4_best_2bar_segment_0.mid,138,46,funk
set0,71,set0_track71_drummer1-session1-38_latin-samba_116_beat_4-4_best_2bar_segment_25_original.mid,set0_track71_drummer1-session1-38_latin-samba_116_beat_4-4_best_2bar_segment_25_dualised.mid,314,validation\drummer1-session1-38_latin-samba_116_beat_4-4_best_2bar_segment_25.mid,116,66,latin
set0,72,set0_track72_drummer8-session1-7_funk_80_beat_4-4_best_2bar_segment_11_original.mid,set0_track72_drummer8-session1-7_funk_80_beat_4-4_best_2bar_segment_11_dualised.mid,257,train\drummer8-session1-7_funk_80_beat_4-4_best_2bar_segment_11.mid,80,34,funk
set0,73,set0_track73_drummer7-session2-77_funk_100_beat_4-4_best_2bar_segment_0_original.mid,set0_track73_drummer7-session2-77_funk_100_beat_4-4_best_2bar_segment_0_dualised.mid,213,train\drummer7-session2-77_funk_100_beat_4-4_best_2bar_segment_0.mid,100,63,funk
set0,74,set0_track74_drummer7-session3-131_soul_105_beat_4-4_best_2bar_segment_9_original.mid,set0_track74_drummer7-session3-131_soul_105_beat_4-4_best_2bar_segment_9_dualised.mid,226,train\drummer7-session3-131_soul_105_beat_4-4_best_2bar_segment_9.mid,105,45,soul
set0,75,set0_track75_drummer7-session2-96_pop_142_beat_4-4_best_2bar_segment_24_original.mid,set0_track75_drummer7-session2-96_pop_142_beat_4-4_best_2bar_segment_24_dualised.mid,338,validation\drummer7-session2-96_pop_142_beat_4-4_best_2bar_segment_24.mid,142,6,pop
set0,76,set0_track76_drummer7-session2-115_jazz-fusion_96_beat_4-4_best_2bar_segment_6_original.mid,set0_track76_drummer7-session2-115_jazz-fusion_96_beat_4-4_best_2bar_segment_6_dualised.mid,201,train\drummer7-session2-115_jazz-fusion_96_beat_4-4_best_2bar_segment_6.mid,96,64,jazz
set0,77,set0_track77_drummer7-session2-104_pop_132_beat_4-4_best_2bar_segment_1_original.mid,set0_track77_drummer7-session2-104_pop_132_beat_4-4_best_2bar_segment_1_dualised.mid,200,train\drummer7-session2-104_pop_132_beat_4-4_best_2bar_segment_1.mid,132,24,pop
set0,78,set0_track78_drummer5-session1-12_latin-brazilian-sambareggae_96_beat_4-4_best_2bar_segment_41_original.mid,set0_track78_drummer5-session1-12_latin-brazilian-sambareggae_96_beat_4-4_best_2bar_segment_41_dualised.mid,21,test\drummer5-session1-12_latin-brazilian-sambareggae_96_beat_4-4_best_2bar_segment_41.mid,96,73,latin
set0,79,set0_track79_drummer8-session2-10_hiphop_86_beat_4-4_best_2bar_segment_4_original.mid,set0_track79_drummer8-session2-10_hiphop_86_beat_4-4_best_2bar_segment_4_dualised.mid,258,train\drummer8-session2-10_hiphop_86_beat_4-4_best_2bar_segment_4.mid,86,33,hiphop
set0,80,set0_track80_drummer8-session2-16_funk_95_beat_4-4_best_2bar_segment_4_original.mid,set0_track80_drummer8-session2-16_funk_95_beat_4-4_best_2bar_segment_4_dualised.mid,47,test\drummer8-session2-16_funk_95_beat_4-4_best_2bar_segment_4.mid,95,37,funk
set0,81,set0_track81_drummer7-session3-131_soul_105_beat_4-4_best_2bar_segment_9_original.mid,set0_track81_drummer7-session3-131_soul_105_beat_4-4_best_2bar_segment_9_dualised.mid,226,train\drummer7-session3-131_soul_105_beat_4-4_best_2bar_segment_9.mid,105,45,soul
set0,82,set0_track82_drummer7-eval_session-5_funk-groove5_84_beat_4-4_best_2bar_segment_9_original.mid,set0_track82_drummer7-eval_session-5_funk-groove5_84_beat_4-4_best_2bar_segment_9_dualised.mid,27,test\drummer7-eval_session-5_funk-groove5_84_beat_4-4_best_2bar_segment_9.mid,84,39,funk
set0,83,set0_track83_drummer8-session2-39_rock-indie_104_beat_4-4_best_2bar_segment_19_original.mid,set0_track83_drummer8-session2-39_rock-indie_104_beat_4-4_best_2bar_segment_19_dualised.mid,282,train\drummer8-session2-39_rock-indie_104_beat_4-4_best_2bar_segment_19.mid,104,34,rock
set0,84,set0_track84_drummer8-session2-16_funk_95_beat_4-4_best_2bar_segment_4_original.mid,set0_track84_drummer8-session2-16_funk_95_beat_4-4_best_2bar_segment_4_dualised.mid,47,test\drummer8-session2-16_funk_95_beat_4-4_best_2bar_segment_4.mid,95,37,funk
set0,85,set0_track85_drummer5-session2-3_latin-brazilian_101_beat_4-4_best_2bar_segment_25_original.mid,set0_track85_drummer5-session2-3_latin-brazilian_101_beat_4-4_best_2bar_segment_25_dualised.mid,174,train\drummer5-session2-3_latin-brazilian_101_beat_4-4_best_2bar_segment_25.mid,101,75,latin
set0,86,set0_track86_drummer1-session1-4_jazz-funk_116_beat_4-4_best_2bar_segment_5_original.mid,set0_track86_drummer1-session1-4_jazz-funk_116_beat_4-4_best_2bar_segment_5_dualised.mid,7,test\drummer1-session1-4_jazz-funk_116_beat_4-4_best_2bar_segment_5.mid,116,70,jazz
set0,87,set0_track87_drummer5-session1-1_latin-brazilian-bossa_127_beat_4-4_best_2bar_segment_16_original.mid,set0_track87_drummer5-session1-1_latin-brazilian-bossa_127_beat_4-4_best_2bar_segment_16_dualised.mid,157,train\drummer5-session1-1_latin-brazilian-bossa_127_beat_4-4_best_2bar_segment_16.mid,127,24,latin
set0,88,set0_track88_drummer8-session1-19_funk_108_beat_4-4_best_2bar_segment_27_original.mid,set0_track88_drummer8-session1-19_funk_108_beat_4-4_best_2bar_segment_27_dualised.mid,46,test\drummer8-session1-19_funk_108_beat_4-4_best_2bar_segment_27.mid,108,61,funk
set0,89,set0_track89_drummer7-session3-106_hiphop_70_beat_4-4_best_2bar_segment_1_original.mid,set0_track89_drummer7-session3-106_hiphop_70_beat_4-4_best_2bar_segment_1_dualised.mid,219,train\drummer7-session3-106_hiphop_70_beat_4-4_best_2bar_segment_1.mid,70,22,hiphop
set0,90,set0_track90_drummer7-eval_session-10_soul-groove10_102_beat_4-4_best_2bar_segment_3_original.mid,set0_track90_drummer7-eval_session-10_soul-groove10_102_beat_4-4_best_2bar_segment_3_dualised.mid,23,test\drummer7-eval_session-10_soul-groove10_102_beat_4-4_best_2bar_segment_3.mid,102,45,soul
set0,91,set0_track91_drummer1-session1-202_rock-halftime_140_beat_4-4_best_2bar_segment_10_original.mid,set0_track91_drummer1-session1-202_rock-halftime_140_beat_4-4_best_2bar_segment_10_dualised.mid,59,train\drummer1-session1-202_rock-halftime_140_beat_4-4_best_2bar_segment_10.mid,140,5,rock
set0,92,set0_track92_drummer1-session2-9_jazz-march_120_beat_4-4_best_2bar_segment_15_original.mid,set0_track92_drummer1-session2-9_jazz-march_120_beat_4-4_best_2bar_segment_15_dualised.mid,85,train\drummer1-session2-9_jazz-march_120_beat_4-4_best_2bar_segment_15.mid,120,20,jazz
set0,93,set0_track93_drummer1-session1-82_neworleans-funk_84_beat_4-4_best_2bar_segment_24_original.mid,set0_track93_drummer1-session1-82_neworleans-funk_84_beat_4-4_best_2bar_segment_24_dualised.mid,72,train\drummer1-session1-82_neworleans-funk_84_beat_4-4_best_2bar_segment_24.mid,84,44,neworleans
set0,94,set0_track94_drummer7-session1-18_hiphop_100_beat_4-4_best_2bar_segment_1_original.mid,set0_track94_drummer7-session1-18_hiphop_100_beat_4-4_best_2bar_segment_1_dualised.mid,190,train\drummer7-session1-18_hiphop_100_beat_4-4_best_2bar_segment_1.mid,100,28,hiphop
set0,95,set0_track95_drummer9-session1-29_rock_90_beat_4-4_best_2bar_segment_1_original.mid,set0_track95_drummer9-session1-29_rock_90_beat_4-4_best_2bar_segment_1_dualised.mid,305,train\drummer9-session1-29_rock_90_beat_4-4_best_2bar_segment_1.mid,90,44,rock
set0,96,set0_track96_drummer8-session1-12_latin_118_beat_4-4_best_2bar_segment_21_original.mid,set0_track96_drummer8-session1-12_latin_118_beat_4-4_best_2bar_segment_21_dualised.mid,242,train\drummer8-session1-12_latin_118_beat_4-4_best_2bar_segment_21.mid,118,33,latin
set0,97,set0_track97_drummer5-eval_session-6_hiphop-groove6_87_beat_4-4_best_2bar_segment_3_original.mid,set0_track97_drummer5-eval_session-6_hiphop-groove6_87_beat_4-4_best_2bar_segment_3_dualised.mid,18,test\drummer5-eval_session-6_hiphop-groove6_87_beat_4-4_best_2bar_segment_3.mid,87,37,hiphop
set0,98,set0_track98_drummer1-session1-184_reggae_78_beat_4-4_best_2bar_segment_8_original.mid,set0_track98_drummer1-session1-184_reggae_78_beat_4-4_best_2bar_segment_8_dualised.mid,57,train\drummer1-session1-184_reggae_78_beat_4-4_best_2bar_segment_8.mid,78,0,reggae
set0,99,set0_track99_drummer7-session2-92_hiphop_75_beat_4-4_best_2bar_segment_0_original.mid,set0_track99_drummer7-session2-92_hiphop_75_beat_4-4_best_2bar_segment_0_dualised.mid,217,train\drummer7-session2-92_hiphop_75_beat_4-4_best_2bar_segment_0.mid,75,36,hiphop
set0,100,set0_track100_drummer7-session3-1_rock_60_beat_4-4_best_2bar_segment_4_original.mid,set0_track100_drummer7-session3-1_rock_60_beat_4-4_best_2bar_segment_4_dualised.mid,228,train\drummer7-session3-1_rock_60_beat_4-4_best_2bar_segment_4.mid,60,25,rock
set0,101,set0_track101_drummer7-session3-131_soul_105_beat_4-4_best_2bar_segment_9_original.mid,set0_track101_drummer7-session3-131_soul_105_beat_4-4_best_2bar_segment_9_dualised.mid,226,train\drummer7-session3-131_soul_105_beat_4-4_best_2bar_segment_9.mid,105,45,soul
set0,102,set0_track102_drummer8-session2-13_afrobeat_103_beat_4-4_best_2bar_segment_20_original.mid,set0_track102_drummer8-session2-13_afrobeat_103_beat_4-4_best_2bar_segment_20_dualised.mid,260,train\drummer8-session2-13_afrobeat_103_beat_4-4_best_2bar_segment_20.mid,103,34,afrobeat
set0,103,set0_track103_drummer8-session1-15_hiphop_94_beat_4-4_best_2bar_segment_11_original.mid,set0_track103_drummer8-session1-15_hiphop_94_beat_4-4_best_2bar_segment_11_dualised.mid,244,train\drummer8-session1-15_hiphop_94_beat_4-4_best_2bar_segment_11.mid,94,34,hiphop
set0,104,set0_track104_drummer6-session3-5_rock_180_beat_4-4_best_2bar_segment_33_original.mid,set0_track104_drummer6-session3-5_rock_180_beat_4-4_best_2bar_segment_33_dualised.mid,330,validation\drummer6-session3-5_rock_180_beat_4-4_best_2bar_segment_33.mid,180,17,rock
set0,105,set0_track105_drummer8-session2-27_dance-disco_137_beat_4-4_best_2bar_segment_38_original.mid,set0_track105_drummer8-session2-27_dance-disco_137_beat_4-4_best_2bar_segment_38_dualised.mid,270,train\drummer8-session2-27_dance-disco_137_beat_4-4_best_2bar_segment_38.mid,137,69,dance
set0,106,set0_track106_drummer7-session3-133_soul_105_beat_4-4_best_2bar_segment_4_original.mid,set0_track106_drummer7-session3-133_soul_105_beat_4-4_best_2bar_segment_4_dualised.mid,38,test\drummer7-session3-133_soul_105_beat_4-4_best_2bar_segment_4.mid,105,27,soul
set0,107,set0_track107_drummer7-session2-1_rock_120_beat_4-4_best_2bar_segment_0_original.mid,set0_track107_drummer7-session2-1_rock_120_beat_4-4_best_2bar_segment_0_dualised.mid,203,train\drummer7-session2-1_rock_120_beat_4-4_best_2bar_segment_0.mid,120,40,rock
set0,108,set0_track108_drummer1-session3-7_dance-disco_120_beat_4-4_best_2bar_segment_10_original.mid,set0_track108_drummer1-session3-7_dance-disco_120_beat_4-4_best_2bar_segment_10_dualised.mid,96,train\drummer1-session3-7_dance-disco_120_beat_4-4_best_2bar_segment_10.mid,120,0,dance
set0,109,set0_track109_drummer1-session1-4_jazz-funk_116_beat_4-4_best_2bar_segment_5_original.mid,set0_track109_drummer1-session1-4_jazz-funk_116_beat_4-4_best_2bar_segment_5_dualised.mid,7,test\drummer1-session1-4_jazz-funk_116_beat_4-4_best_2bar_segment_5.mid,116,70,jazz
set0,110,set0_track110_drummer8-session2-18_afrobeat_85_beat_4-4_best_2bar_segment_3_original.mid,set0_track110_drummer8-session2-18_afrobeat_85_beat_4-4_best_2bar_segment_3_dualised.mid,342,validation\drummer8-session2-18_afrobeat_85_beat_4-4_best_2bar_segment_3.mid,85,20,afrobeat
set0,111,set0_track111_drummer7-session3-24_hiphop_67_beat_4-4_best_2bar_segment_12_original.mid,set0_track111_drummer7-session3-24_hiphop_67_beat_4-4_best_2bar_segment_12_dualised.mid,39,test\drummer7-session3-24_hiphop_67_beat_4-4_best_2bar_segment_12.mid,67,32,hiphop
set0,112,set0_track112_drummer7-session1-8_rock_93_beat_4-4_best_2bar_segment_5_original.mid,set0_track112_drummer7-session1-8_rock_93_beat_4-4_best_2bar_segment_5_dualised.mid,197,train\drummer7-session1-8_rock_93_beat_4-4_best_2bar_segment_5.mid,93,0,rock
set0,113,set0_track113_drummer1-eval_session-4_soul-groove4_80_beat_4-4_best_2bar_segment_6_original.mid,set0_track113_drummer1-eval_session-4_soul-groove4_80_beat_4-4_best_2bar_segment_6_dualised.mid,4,test\drummer1-eval_session-4_soul-groove4_80_beat_4-4_best_2bar_segment_6.mid,80,0,soul
set0,114,set0_track114_drummer7-session2-115_jazz-fusion_96_beat_4-4_best_2bar_segment_6_original.mid,set0_track114_drummer7-session2-115_jazz-fusion_96_beat_4-4_best_2bar_segment_6_dualised.mid,201,train\drummer7-session2-115_jazz-fusion_96_beat_4-4_best_2bar_segment_6.mid,96,64,jazz
set0,115,set0_track115_drummer5-session2-9_neworleans-shuffle_104_beat_4-4_best_2bar_segment_5_original.mid,set0_track115_drummer5-session2-9_neworleans-shuffle_104_beat_4-4_best_2bar_segment_5_dualised.mid,178,train\drummer5-session2-9_neworleans-shuffle_104_beat_4-4_best_2bar_segment_5.mid,104,68,neworleans
set0,116,set0_track116_drummer1-eval_session-10_soul-groove10_102_beat_4-4_best_2bar_segment_6_original.mid,set0_track116_drummer1-eval_session-10_soul-groove10_102_beat_4-4_best_2bar_segment_6_dualised.mid,0,test\drummer1-eval_session-10_soul-groove10_102_beat_4-4_best_2bar_segment_6.mid,102,32,soul
set0,117,set0_track117_drummer7-session1-38_hiphop_100_beat_4-4_best_2bar_segment_1_original.mid,set0_track117_drummer7-session1-38_hiphop_100_beat_4-4_best_2bar_segment_1_dualised.mid,193,train\drummer7-session1-38_hiphop_100_beat_4-4_best_2bar_segment_1.mid,100,108,hiphop
set0,118,set0_track118_drummer5-eval_session-7_pop-groove7_138_beat_4-4_best_2bar_segment_6_original.mid,set0_track118_drummer5-eval_session-7_pop-groove7_138_beat_4-4_best_2bar_segment_6_dualised.mid,19,test\drummer5-eval_session-7_pop-groove7_138_beat_4-4_best_2bar_segment_6.mid,138,34,pop
set0,119,set0_track119_drummer7-session1-15_jazz_112_beat_4-4_best_2bar_segment_25_original.mid,set0_track119_drummer7-session1-15_jazz_112_beat_4-4_best_2bar_segment_25_dualised.mid,188,train\drummer7-session1-15_jazz_112_beat_4-4_best_2bar_segment_25.mid,112,7,jazz
set0,120,set0_track120_drummer5-eval_session-5_funk-groove5_84_beat_4-4_best_2bar_segment_6_original.mid,set0_track120_drummer5-eval_session-5_funk-groove5_84_beat_4-4_best_2bar_segment_6_dualised.mid,17,test\drummer5-eval_session-5_funk-groove5_84_beat_4-4_best_2bar_segment_6.mid,84,57,funk
set0,121,set0_track121_drummer8-session1-12_latin_118_beat_4-4_best_2bar_segment_21_original.mid,set0_track121_drummer8-session1-12_latin_118_beat_4-4_best_2bar_segment_21_dualised.mid,242,train\drummer8-session1-12_latin_118_beat_4-4_best_2bar_segment_21.mid,118,33,latin
set0,122,set0_track122_drummer5-session1-18_afrocuban_128_beat_4-4_best_2bar_segment_61_original.mid,set0_track122_drummer5-session1-18_afrocuban_128_beat_4-4_best_2bar_segment_61_dualised.mid,155,train\drummer5-session1-18_afrocuban_128_beat_4-4_best_2bar_segment_61.mid,128,46,afrocuban
set0,123,set0_track123_drummer9-session1-29_rock_90_beat_4-4_best_2bar_segment_1_original.mid,set0_track123_drummer9-session1-29_rock_90_beat_4-4_best_2bar_segment_1_dualised.mid,305,train\drummer9-session1-29_rock_90_beat_4-4_best_2bar_segment_1.mid,90,44,rock
set0,124,set0_track124_drummer6-session3-5_rock_180_beat_4-4_best_2bar_segment_33_original.mid,set0_track124_drummer6-session3-5_rock_180_beat_4-4_best_2bar_segment_33_dualised.mid,330,validation\drummer6-session3-5_rock_180_beat_4-4_best_2bar_segment_33.mid,180,17,rock
set0,125,set0_track125_drummer1-session3-3_rock-rockabilly_200_beat_4-4_best_2bar_segment_24_original.mid,set0_track125_drummer1-session3-3_rock-rockabilly_200_beat_4-4_best_2bar_segment_24_dualised.mid,92,train\drummer1-session3-3_rock-rockabilly_200_beat_4-4_best_2bar_segment_24.mid,200,26,rock
set0,126,set0_track126_drummer1-session1-184_reggae_78_beat_4-4_best_2bar_segment_8_original.mid,set0_track126_drummer1-session1-184_reggae_78_beat_4-4_best_2bar_segment_8_dualised.mid,57,train\drummer1-session1-184_reggae_78_beat_4-4_best_2bar_segment_8.mid,78,0,reggae
set0,127,set0_track127_drummer5-session2-7_neworleans-secondline_124_beat_4-4_best_2bar_segment_9_original.mid,set0_track127_drummer5-session2-7_neworleans-secondline_124_beat_4-4_best_2bar_segment_9_dualised.mid,177,train\drummer5-session2-7_neworleans-secondline_124_beat_4-4_best_2bar_segment_9.mid,124,52,neworleans
set0,128,set0_track128_drummer7-session1-15_jazz_112_beat_4-4_best_2bar_segment_25_original.mid,set0_track128_drummer7-session1-15_jazz_112_beat_4-4_best_2bar_segment_25_dualised.mid,188,train\drummer7-session1-15_jazz_112_beat_4-4_best_2bar_segment_25.mid,112,7,jazz
set0,129,set0_track129_drummer7-session1-22_hiphop_100_beat_4-4_best_2bar_segment_2_original.mid,set0_track129_drummer7-session1-22_hiphop_100_beat_4-4_best_2bar_segment_2_dualised.mid,192,train\drummer7-session1-22_hiphop_100_beat_4-4_best_2bar_segment_2.mid,100,32,hiphop
set0,130,set0_track130_drummer8-session2-13_afrobeat_103_beat_4-4_best_2bar_segment_20_original.mid,set0_track130_drummer8-session2-13_afrobeat_103_beat_4-4_best_2bar_segment_20_dualised.mid,260,train\drummer8-session2-13_afrobeat_103_beat_4-4_best_2bar_segment_20.mid,103,34,afrobeat
set0,131,set0_track131_drummer7-session1-8_rock_93_beat_4-4_best_2bar_segment_5_original.mid,set0_track131_drummer7-session1-8_rock_93_beat_4-4_best_2bar_segment_5_dualised.mid,197,train\drummer7-session1-8_rock_93_beat_4-4_best_2bar_segment_5.mid,93,0,rock
set0,132,set0_track132_drummer7-eval_session-3_soul-groove3_86_beat_4-4_best_2bar_segment_7_original.mid,set0_track132_drummer7-eval_session-3_soul-groove3_86_beat_4-4_best_2bar_segment_7_dualised.mid,25,test\drummer7-eval_session-3_soul-groove3_86_beat_4-4_best_2bar_segment_7.mid,86,41,soul
set0,133,set0_track133_drummer8-session1-11_neworleans-funk_82_beat_4-4_best_2bar_segment_1_original.mid,set0_track133_drummer8-session1-11_neworleans-funk_82_beat_4-4_best_2bar_segment_1_dualised.mid,241,train\drummer8-session1-11_neworleans-funk_82_beat_4-4_best_2bar_segment_1.mid,82,54,neworleans
set0,134,set0_track134_drummer5-session1-12_latin-brazilian-sambareggae_96_beat_4-4_best_2bar_segment_41_original.mid,set0_track134_drummer5-session1-12_latin-brazilian-sambareggae_96_beat_4-4_best_2bar_segment_41_dualised.mid,21,test\drummer5-session1-12_latin-brazilian-sambareggae_96_beat_4-4_best_2bar_segment_41.mid,96,73,latin
set0,135,set0_track135_drummer1-eval_session-10_soul-groove10_102_beat_4-4_best_2bar_segment_6_original.mid,set0_track135_drummer1-eval_session-10_soul-groove10_102_beat_4-4_best_2bar_segment_6_dualised.mid,0,test\drummer1-eval_session-10_soul-groove10_102_beat_4-4_best_2bar_segment_6.mid,102,32,soul
set0,136,set0_track136_drummer7-session2-1_rock_120_beat_4-4_best_2bar_segment_0_original.mid,set0_track136_drummer7-session2-1_rock_120_beat_4-4_best_2bar_segment_0_dualised.mid,203,train\drummer7-session2-1_rock_120_beat_4-4_best_2bar_segment_0.mid,120,40,rock
set0,137,set0_track137_drummer7-session3-49_funk_112_beat_4-4_best_2bar_segment_3_original.mid,set0_track137_drummer7-session3-49_funk_112_beat_4-4_best_2bar_segment_3_dualised.mid,235,train\drummer7-session3-49_funk_112_beat_4-4_best_2bar_segment_3.mid,112,41,funk
set0,138,set0_track138_drummer7-session2-92_hiphop_75_beat_4-4_best_2bar_segment_0_original.mid,set0_track138_drummer7-session2-92_hiphop_75_beat_4-4_best_2bar_segment_0_dualised.mid,217,train\drummer7-session2-92_hiphop_75_beat_4-4_best_2bar_segment_0.mid,75,36,hiphop
set0,139,set0_track139_drummer8-session1-11_neworleans-funk_82_beat_4-4_best_2bar_segment_1_original.mid,set0_track139_drummer8-session1-11_neworleans-funk_82_beat_4-4_best_2bar_segment_1_dualised.mid,241,train\drummer8-session1-11_neworleans-funk_82_beat_4-4_best_2bar_segment_1.mid,82,54,neworleans
set0,140,set0_track140_drummer1-session1-184_reggae_78_beat_4-4_best_2bar_segment_8_original.mid,set0_track140_drummer1-session1-184_reggae_78_beat_4-4_best_2bar_segment_8_dualised.mid,57,train\drummer1-session1-184_reggae_78_beat_4-4_best_2bar_segment_8.mid,78,0,reggae
set0,141,set0_track141_drummer5-session1-14_latin-brazilian-songo_112_beat_4-4_best_2bar_segment_120_original.mid,set0_track141_drummer5-session1-14_latin-brazilian-songo_112_beat_4-4_best_2bar_segment_120_dualised.mid,151,train\drummer5-session1-14_latin-brazilian-songo_112_beat_4-4_best_2bar_segment_120.mid,112,97,latin
set0,142,set0_track142_drummer9-session1-29_rock_90_beat_4-4_best_2bar_segment_1_original.mid,set0_track142_drummer9-session1-29_rock_90_beat_4-4_best_2bar_segment_1_dualised.mid,305,train\drummer9-session1-29_rock_90_beat_4-4_best_2bar_segment_1.mid,90,44,rock
set0,143,set0_track143_drummer10-session1-7_jazz-swing_215_beat_4-4_best_2bar_segment_4_original.mid,set0_track143_drummer10-session1-7_jazz-swing_215_beat_4-4_best_2bar_segment_4_dualised.mid,106,train\drummer10-session1-7_jazz-swing_215_beat_4-4_best_2bar_segment_4.mid,215,15,jazz
set0,144,set0_track144_drummer8-session2-16_funk_95_beat_4-4_best_2bar_segment_4_original.mid,set0_track144_drummer8-session2-16_funk_95_beat_4-4_best_2bar_segment_4_dualised.mid,47,test\drummer8-session2-16_funk_95_beat_4-4_best_2bar_segment_4.mid,95,37,funk
set0,145,set0_track145_drummer8-session2-18_afrobeat_85_beat_4-4_best_2bar_segment_3_original.mid,set0_track145_drummer8-session2-18_afrobeat_85_beat_4-4_best_2bar_segment_3_dualised.mid,342,validation\drummer8-session2-18_afrobeat_85_beat_4-4_best_2bar_segment_3.mid,85,20,afrobeat
set0,146,set0_track146_drummer5-session2-7_neworleans-secondline_124_beat_4-4_best_2bar_segment_9_original.mid,set0_track146_drummer5-session2-7_neworleans-secondline_124_beat_4-4_best_2bar_segment_9_dualised.mid,177,train\drummer5-session2-7_neworleans-secondline_124_beat_4-4_best_2bar_segment_9.mid,124,52,neworleans
set0,147,set0_track147_drummer10-session1-7_jazz-swing_215_beat_4-4_best_2bar_segment_4_original.mid,set0_track147_drummer10-session1-7_jazz-swing_215_beat_4-4_best_2bar_segment_4_dualised.mid,106,train\drummer10-session1-7_jazz-swing_215_beat_4-4_best_2bar_segment_4.mid,215,15,jazz
set0,148,set0_track148_drummer1-session3-3_rock-rockabilly_200_beat_4-4_best_2bar_segment_24_original.mid,set0_track148_drummer1-session3-3_rock-rockabilly_200_beat_4-4_best_2bar_segment_24_dualised.mid,92,train\drummer1-session3-3_rock-rockabilly_200_beat_4-4_best_2bar_segment_24.mid,200,26,rock
set0,149,set0_track149_drummer5-session1-1_latin-brazilian-bossa_127_beat_4-4_best_2bar_segment_16_original.mid,set0_track149_drummer5-session1-1_latin-brazilian-bossa_127_beat_4-4_best_2bar_segment_16_dualised.mid,157,train\drummer5-session1-1_latin-brazilian-bossa_127_beat_4-4_best_2bar_segment_16.mid,127,24,latin
set0,150,set0_track150_drummer7-session1-18_hiphop_100_beat_4-4_best_2bar_segment_1_original.mid,set0_track150_drummer7-session1-18_hiphop_100_beat_4-4_best_2bar_segment_1_dualised.mid,190,train\drummer7-session1-18_hiphop_100_beat_4-4_best_2bar_segment_1.mid,100,28,hiphop
set0,151,set0_track151_drummer7-session3-24_hiphop_67_beat_4-4_best_2bar_segment_12_original.mid,set0_track151_drummer7-session3-24_hiphop_67_beat_4-4_best_2bar_segment_12_dualised.mid,39,test\drummer7-session3-24_hiphop_67_beat_4-4_best_2bar_segment_12.mid,67,32,hiphop
set0,152,set0_track152_drummer1-session1-202_rock-halftime_140_beat_4-4_best_2bar_segment_10_original.mid,set0_track152_drummer1-session1-202_rock-halftime_140_beat_4-4_best_2bar_segment_10_dualised.mid,59,train\drummer1-session1-202_rock-halftime_140_beat_4-4_best_2bar_segment_10.mid,140,5,rock
set0,153,set0_track153_drummer3-session1-20_rock_120_beat_4-4_best_2bar_segment_0_original.mid,set0_track153_drummer3-session1-20_rock_120_beat_4-4_best_2bar_segment_0_dualised.mid,120,train\drummer3-session1-20_rock_120_beat_4-4_best_2bar_segment_0.mid,120,13,rock
set0,154,set0_track154_drummer1-session3-6_dance-disco_120_beat_4-4_best_2bar_segment_68_original.mid,set0_track154_drummer1-session3-6_dance-disco_120_beat_4-4_best_2bar_segment_68_dualised.mid,95,train\drummer1-session3-6_dance-disco_120_beat_4-4_best_2bar_segment_68.mid,120,14,dance
set0,155,set0_track155_drummer8-session1-12_latin_118_beat_4-4_best_2bar_segment_21_original.mid,set0_track155_drummer8-session1-12_latin_118_beat_4-4_best_2bar_segment_21_dualised.mid,242,train\drummer8-session1-12_latin_118_beat_4-4_best_2bar_segment_21.mid,118,33,latin
set0,156,set0_track156_drummer10-session1-10_jazz-swing_110_beat_4-4_best_2bar_segment_27_original.mid,set0_track156_drummer10-session1-10_jazz-swing_110_beat_4-4_best_2bar_segment_27_dualised.mid,99,train\drummer10-session1-10_jazz-swing_110_beat_4-4_best_2bar_segment_27.mid,110,32,jazz
set0,157,set0_track157_drummer1-eval_session-4_soul-groove4_80_beat_4-4_best_2bar_segment_6_original.mid,set0_track157_drummer1-eval_session-4_soul-groove4_80_beat_4-4_best_2bar_segment_6_dualised.mid,4,test\drummer1-eval_session-4_soul-groove4_80_beat_4-4_best_2bar_segment_6.mid,80,0,soul
set0,158,set0_track158_drummer5-session1-3_latin-brazilian-samba_89_beat_4-4_best_2bar_segment_15_original.mid,set0_track158_drummer5-session1-3_latin-brazilian-samba_89_beat_4-4_best_2bar_segment_15_dualised.mid,159,train\drummer5-session1-3_latin-brazilian-samba_89_beat_4-4_best_2bar_segment_15.mid,89,54,latin
set0,159,set0_track159_drummer5-session2-3_latin-brazilian_101_beat_4-4_best_2bar_segment_25_original.mid,set0_track159_drummer5-session2-3_latin-brazilian_101_beat_4-4_best_2bar_segment_25_dualised.mid,174,train\drummer5-session2-3_latin-brazilian_101_beat_4-4_best_2bar_segment_25.mid,101,75,latin
set0,160,set0_track160_drummer8-session2-10_hiphop_86_beat_4-4_best_2bar_segment_4_original.mid,set0_track160_drummer8-session2-10_hiphop_86_beat_4-4_best_2bar_segment_4_dualised.mid,258,train\drummer8-session2-10_hiphop_86_beat_4-4_best_2bar_segment_4.mid,86,33,hiphop
set0,161,set0_track161_drummer7-session2-93_hiphop_75_beat_4-4_best_2bar_segment_0_original.mid,set0_track161_drummer7-session2-93_hiphop_75_beat_4-4_best_2bar_segment_0_dualised.mid,35,test\drummer7-session2-93_hiphop_75_beat_4-4_best_2bar_segment_0.mid,75,25,hiphop
set0,162,set0_track162_drummer5-session2-7_neworleans-secondline_124_beat_4-4_best_2bar_segment_9_original.mid,set0_track162_drummer5-session2-7_neworleans-secondline_124_beat_4-4_best_2bar_segment_9_dualised.mid,177,train\drummer5-session2-7_neworleans-secondline_124_beat_4-4_best_2bar_segment_9.mid,124,52,neworleans
set0,163,set0_track163_drummer8-session2-24_latin_84_beat_4-4_best_2bar_segment_32_original.mid,set0_track163_drummer8-session2-24_latin_84_beat_4-4_best_2bar_segment_32_dualised.mid,267,train\drummer8-session2-24_latin_84_beat_4-4_best_2bar_segment_32.mid,84,80,latin
set0,164,set0_track164_drummer5-session1-9_latin-dominican-merengue_130_beat_4-4_best_2bar_segment_51_original.mid,set0_track164_drummer5-session1-9_latin-dominican-merengue_130_beat_4-4_best_2bar_segment_51_dualised.mid,162,train\drummer5-session1-9_latin-dominican-merengue_130_beat_4-4_best_2bar_segment_51.mid,130,42,latin
set0,165,set0_track165_drummer1-session1-38_latin-samba_116_beat_4-4_best_2bar_segment_25_original.mid,set0_track165_drummer1-session1-38_latin-samba_116_beat_4-4_best_2bar_segment_25_dualised.mid,314,validation\drummer1-session1-38_latin-samba_116_beat_4-4_best_2bar_segment_25.mid,116,66,latin
set0,166,set0_track166_drummer8-session2-18_afrobeat_85_beat_4-4_best_2bar_segment_3_original.mid,set0_track166_drummer8-session2-18_afrobeat_85_beat_4-4_best_2bar_segment_3_dualised.mid,342,validation\drummer8-session2-18_afrobeat_85_beat_4-4_best_2bar_segment_3.mid,85,20,afrobeat
set0,167,set0_track167_drummer5-eval_session-3_soul-groove3_86_beat_4-4_best_2bar_segment_4_original.mid,set0_track167_drummer5-eval_session-3_soul-groove3_86_beat_4-4_best_2bar_segment_4_dualised.mid,15,test\drummer5-eval_session-3_soul-groove3_86_beat_4-4_best_2bar_segment_4.mid,86,50,soul
set0,168,set0_track168_drummer7-session2-77_funk_100_beat_4-4_best_2bar_segment_0_original.mid,set0_track168_drummer7-session2-77_funk_100_beat_4-4_best_2bar_segment_0_dualised.mid,213,train\drummer7-session2-77_funk_100_beat_4-4_best_2bar_segment_0.mid,100,63,funk
set0,169,set0_track169_drummer7-session3-23_pop-soft_83_beat_4-4_best_2bar_segment_1_original.mid,set0_track169_drummer7-session3-23_pop-soft_83_beat_4-4_best_2bar_segment_1_dualised.mid,229,train\drummer7-session3-23_pop-soft_83_beat_4-4_best_2bar_segment_1.mid,83,14,pop
set0,170,set0_track170_drummer7-session2-93_hiphop_75_beat_4-4_best_2bar_segment_0_original.mid,set0_track170_drummer7-session2-93_hiphop_75_beat_4-4_best_2bar_segment_0_dualised.mid,35,test\drummer7-session2-93_hiphop_75_beat_4-4_best_2bar_segment_0.mid,75,25,hiphop
set0,171,set0_track171_drummer10-session1-9_jazz-swing_110_beat_4-4_best_2bar_segment_15_original.mid,set0_track171_drummer10-session1-9_jazz-swing_110_beat_4-4_best_2bar_segment_15_dualised.mid,107,train\drummer10-session1-9_jazz-swing_110_beat_4-4_best_2bar_segment_15.mid,110,36,jazz
set0,172,set0_track172_drummer5-eval_session-3_soul-groove3_86_beat_4-4_best_2bar_segment_4_original.mid,set0_track172_drummer5-eval_session-3_soul-groove3_86_beat_4-4_best_2bar_segment_4_dualised.mid,15,test\drummer5-eval_session-3_soul-groove3_86_beat_4-4_best_2bar_segment_4.mid,86,50,soul
set0,173,set0_track173_drummer7-eval_session-3_soul-groove3_86_beat_4-4_best_2bar_segment_7_original.mid,set0_track173_drummer7-eval_session-3_soul-groove3_86_beat_4-4_best_2bar_segment_7_dualised.mid,25,test\drummer7-eval_session-3_soul-groove3_86_beat_4-4_best_2bar_segment_7.mid,86,41,soul
set0,174,set0_track174_drummer5-session2-9_neworleans-shuffle_104_beat_4-4_best_2bar_segment_5_original.mid,set0_track174_drummer5-session2-9_neworleans-shuffle_104_beat_4-4_best_2bar_segment_5_dualised.mid,178,train\drummer5-session2-9_neworleans-shuffle_104_beat_4-4_best_2bar_segment_5.mid,104,68,neworleans
set0,175,set0_track175_drummer7-session2-1_rock_120_beat_4-4_best_2bar_segment_0_original.mid,set0_track175_drummer7-session2-1_rock_120_beat_4-4_best_2bar_segment_0_dualised.mid,203,train\drummer7-session2-1_rock_120_beat_4-4_best_2bar_segment_0.mid,120,40,rock
set0,176,set0_track176_drummer1-session2-9_jazz-march_120_beat_4-4_best_2bar_segment_15_original.mid,set0_track176_drummer1-session2-9_jazz-march_120_beat_4-4_best_2bar_segment_15_dualised.mid,85,train\drummer1-session2-9_jazz-march_120_beat_4-4_best_2bar_segment_15.mid,120,20,jazz
set0,177,set0_track177_drummer5-session1-18_afrocuban_128_beat_4-4_best_2bar_segment_61_original.mid,set0_track177_drummer5-session1-18_afrocuban_128_beat_4-4_best_2bar_segment_61_dualised.mid,155,train\drummer5-session1-18_afrocuban_128_beat_4-4_best_2bar_segment_61.mid,128,46,afrocuban
set0,178,set0_track178_drummer7-session2-96_pop_142_beat_4-4_best_2bar_segment_24_original.mid,set0_track178_drummer7-session2-96_pop_142_beat_4-4_best_2bar_segment_24_dualised.mid,338,validation\drummer7-session2-96_pop_142_beat_4-4_best_2bar_segment_24.mid,142,6,pop
set0,179,set0_track179_drummer5-session1-18_afrocuban_128_beat_4-4_best_2bar_segment_61_original.mid,set0_track179_drummer5-session1-18_afrocuban_128_beat_4-4_best_2bar_segment_61_dualised.mid,155,train\drummer5-session1-18_afrocuban_128_beat_4-4_best_2bar_segment_61.mid,128,46,afrocuban
set0,180,set0_track180_drummer7-eval_session-5_funk-groove5_84_beat_4-4_best_2bar_segment_9_original.mid,set0_track180_drummer7-eval_session-5_funk-groove5_84_beat_4-4_best_2bar_segment_9_dualised.mid,27,test\drummer7-eval_session-5_funk-groove5_84_beat_4-4_best_2bar_segment_9.mid,84,39,funk
set0,181,set0_track181_drummer1-session1-38_latin-samba_116_beat_4-4_best_2bar_segment_25_original.mid,set0_track181_drummer1-session1-38_latin-samba_116_beat_4-4_best_2bar_segment_25_dualised.mid,314,validation\drummer1-session1-38_latin-samba_116_beat_4-4_best_2bar_segment_25.mid,116,66,latin
set0,182,set0_track182_drummer5-session1-3_latin-brazilian-samba_89_beat_4-4_best_2bar_segment_15_original.mid,set0_track182_drummer5-session1-3_latin-brazilian-samba_89_beat_4-4_best_2bar_segment_15_dualised.mid,159,train\drummer5-session1-3_latin-brazilian-samba_89_beat_4-4_best_2bar_segment_15.mid,89,54,latin
set0,183,set0_track183_drummer1-session3-6_dance-disco_120_beat_4-4_best_2bar_segment_68_original.mid,set0_track183_drummer1-session3-6_dance-disco_120_beat_4-4_best_2bar_segment_68_dualised.mid,95,train\drummer1-session3-6_dance-disco_120_beat_4-4_best_2bar_segment_68.mid,120,14,dance
set0,184,set0_track184_drummer1-eval_session-4_soul-groove4_80_beat_4-4_best_2bar_segment_6_original.mid,set0_track184_drummer1-eval_session-4_soul-groove4_80_beat_4-4_best_2bar_segment_6_dualised.mid,4,test\drummer1-eval_session-4_soul-groove4_80_beat_4-4_best_2bar_segment_6.mid,80,0,soul
set0,185,set0_track185_drummer5-session1-11_latin-brazilian-sambareggae_96_beat_4-4_best_2bar_segment_11_original.mid,set0_track185_drummer5-session1-11_latin-brazilian-sambareggae_96_beat_4-4_best_2bar_segment_11_dualised.mid,323,validation\drummer5-session1-11_latin-brazilian-sambareggae_96_beat_4-4_best_2bar_segment_11.mid,96,64,latin
set0,186,set0_track186_drummer1-session3-7_dance-disco_120_beat_4-4_best_2bar_segment_10_original.mid,set0_track186_drummer1-session3-7_dance-disco_120_beat_4-4_best_2bar_segment_10_dualised.mid,96,train\drummer1-session3-7_dance-disco_120_beat_4-4_best_2bar_segment_10.mid,120,0,dance
set0,187,set0_track187_drummer5-session1-3_latin-brazilian-samba_89_beat_4-4_best_2bar_segment_15_original.mid,set0_track187_drummer5-session1-3_latin-brazilian-samba_89_beat_4-4_best_2bar_segment_15_dualised.mid,159,train\drummer5-session1-3_latin-brazilian-samba_89_beat_4-4_best_2bar_segment_15.mid,89,54,latin
set0,188,set0_track188_drummer7-session1-38_hiphop_100_beat_4-4_best_2bar_segment_1_original.mid,set0_track188_drummer7-session1-38_hiphop_100_beat_4-4_best_2bar_segment_1_dualised.mid,193,train\drummer7-session1-38_hiphop_100_beat_4-4_best_2bar_segment_1.mid,100,108,hiphop
set0,189,set0_track189_drummer10-session1-9_jazz-swing_110_beat_4-4_best_2bar_segment_15_original.mid,set0_track189_drummer10-session1-9_jazz-swing_110_beat_4-4_best_2bar_segment_15_dualised.mid,107,train\drummer10-session1-9_jazz-swing_110_beat_4-4_best_2bar_segment_15.mid,110,36,jazz
set0,190,set0_track190_drummer7-session2-114_jazz-fusion_96_beat_4-4_best_2bar_segment_2_original.mid,set0_track190_drummer7-session2-114_jazz-fusion_96_beat_4-4_best_2bar_segment_2_dualised.mid,33,test\drummer7-session2-114_jazz-fusion_96_beat_4-4_best_2bar_segment_2.mid,96,26,jazz
set0,191,set0_track191_drummer5-session1-11_latin-brazilian-sambareggae_96_beat_4-4_best_2bar_segment_11_original.mid,set0_track191_drummer5-session1-11_latin-brazilian-sambareggae_96_beat_4-4_best_2bar_segment_11_dualised.mid,323,validation\drummer5-session1-11_latin-brazilian-sambareggae_96_beat_4-4_best_2bar_segment_11.mid,96,64,latin
set0,192,set0_track192_drummer8-session1-7_funk_80_beat_4-4_best_2bar_segment_11_original.mid,set0_track192_drummer8-session1-7_funk_80_beat_4-4_best_2bar_segment_11_dualised.mid,257,train\drummer8-session1-7_funk_80_beat_4-4_best_2bar_segment_11.mid,80,34,funk
set0,193,set0_track193_drummer1-eval_session-10_soul-groove10_102_beat_4-4_best_2bar_segment_6_original.mid,set0_track193_drummer1-eval_session-10_soul-groove10_102_beat_4-4_best_2bar_segment_6_dualised.mid,0,test\drummer1-eval_session-10_soul-groove10_102_beat_4-4_best_2bar_segment_6.mid,102,32,soul
set0,194,set0_track194_drummer5-session2-3_latin-brazilian_101_beat_4-4_best_2bar_segment_25_original.mid,set0_track194_drummer5-session2-3_latin-brazilian_101_beat_4-4_best_2bar_segment_25_dualised.mid,174,train\drummer5-session2-3_latin-brazilian_101_beat_4-4_best_2bar_segment_25.mid,101,75,latin
set0,195,set0_track195_drummer5-eval_session-7_pop-groove7_138_beat_4-4_best_2bar_segment_6_original.mid,set0_track195_drummer5-eval_session-7_pop-groove7_138_beat_4-4_best_2bar_segment_6_dualised.mid,19,test\drummer5-eval_session-7_pop-groove7_138_beat_4-4_best_2bar_segment_6.mid,138,34,pop
set0,196,set0_track196_drummer5-eval_session-1_funk-groove1_138_beat_4-4_best_2bar_segment_0_original.mid,set0_track196_drummer5-eval_session-1_funk-groove1_138_beat_4-4_best_2bar_segment_0_dualised.mid,13,test\drummer5-eval_session-1_funk-groove1_138_beat_4-4_best_2bar_segment_0.mid,138,46,funk
set0,197,set0_track197_drummer7-session3-24_hiphop_67_beat_4-4_best_2bar_segment_12_original.mid,set0_track197_drummer7-session3-24_hiphop_67_beat_4-4_best_2bar_segment_12_dualised.mid,39,test\drummer7-session3-24_hiphop_67_beat_4-4_best_2bar_segment_12.mid,67,32,hiphop
set0,198,set0_track198_drummer5-session1-14_latin-brazilian-songo_112_beat_4-4_best_2bar_segment_120_original.mid,set0_track198_drummer5-session1-14_latin-brazilian-songo_112_beat_4-4_best_2bar_segment_120_dualised.mid,151,train\drummer5-session1-14_latin-brazilian-songo_112_beat_4-4_best_2bar_segment_120.mid,112,97,latin
set0,199,set0_track199_drummer8-session2-34_latin-brazilian-songo_120_beat_4-4_best_2bar_segment_32_original.mid,set0_track199_drummer8-session2-34_latin-brazilian-songo_120_beat_4-4_best_2bar_segment_32_dualised.mid,278,train\drummer8-session2-34_latin-brazilian-songo_120_beat_4-4_best_2bar_segment_32.mid,120,80,latin
set0,200,set0_track200_drummer8-session2-39_rock-indie_104_beat_4-4_best_2bar_segment_19_original.mid,set0_track200_drummer8-session2-39_rock-indie_104_beat_4-4_best_2bar_segment_19_dualised.mid,282,train\drummer8-session2-39_rock-indie_104_beat_4-4_best_2bar_segment_19.mid,104,34,rock
set0,201,set0_track201_drummer5-session1-11_latin-brazilian-sambareggae_96_beat_4-4_best_2bar_segment_11_original.mid,set0_track201_drummer5-session1-11_latin-brazilian-sambareggae_96_beat_4-4_best_2bar_segment_11_dualised.mid,323,validation\drummer5-session1-11_latin-brazilian-sambareggae_96_beat_4-4_best_2bar_segment_11.mid,96,64,latin
set0,202,set0_track202_drummer1-session2-32_punk_140_beat_4-4_best_2bar_segment_16_original.mid,set0_track202_drummer1-session2-32_punk_140_beat_4-4_best_2bar_segment_16_dualised.mid,79,train\drummer1-session2-32_punk_140_beat_4-4_best_2bar_segment_16.mid,140,30,punk
set0,203,set0_track203_drummer5-eval_session-7_pop-groove7_138_beat_4-4_best_2bar_segment_6_original.mid,set0_track203_drummer5-eval_session-7_pop-groove7_138_beat_4-4_best_2bar_segment_6_dualised.mid,19,test\drummer5-eval_session-7_pop-groove7_138_beat_4-4_best_2bar_segment_6.mid,138,34,pop
set0,204,set0_track204_drummer7-session3-1_rock_60_beat_4-4_best_2bar_segment_4_original.mid,set0_track204_drummer7-session3-1_rock_60_beat_4-4_best_2bar_segment_4_dualised.mid,228,train\drummer7-session3-1_rock_60_beat_4-4_best_2bar_segment_4.mid,60,25,rock
set0,205,set0_track205_drummer1-session1-4_jazz-funk_116_beat_4-4_best_2bar_segment_5_original.mid,set0_track205_drummer1-session1-4_jazz-funk_116_beat_4-4_best_2bar_segment_5_dualised.mid,7,test\drummer1-session1-4_jazz-funk_116_beat_4-4_best_2bar_segment_5.mid,116,70,jazz
set0,206,set0_track206_drummer1-session1-52_jazz_125_beat_4-4_best_2bar_segment_36_original.mid,set0_track206_drummer1-session1-52_jazz_125_beat_4-4_best_2bar_segment_36_dualised.mid,65,train\drummer1-session1-52_jazz_125_beat_4-4_best_2bar_segment_36.mid,125,31,jazz
set0,207,set0_track207_drummer7-session2-115_jazz-fusion_96_beat_4-4_best_2bar_segment_6_original.mid,set0_track207_drummer7-session2-115_jazz-fusion_96_beat_4-4_best_2bar_segment_6_dualised.mid,201,train\drummer7-session2-115_jazz-fusion_96_beat_4-4_best_2bar_segment_6.mid,96,64,jazz
set0,208,set0_track208_drummer7-session2-77_funk_100_beat_4-4_best_2bar_segment_0_original.mid,set0_track208_drummer7-session2-77_funk_100_beat_4-4_best_2bar_segment_0_dualised.mid,213,train\drummer7-session2-77_funk_100_beat_4-4_best_2bar_segment_0.mid,100,63,funk
set0,209,set0_track209_drummer7-eval_session-5_funk-groove5_84_beat_4-4_best_2bar_segment_9_original.mid,set0_track209_drummer7-eval_session-5_funk-groove5_84_beat_4-4_best_2bar_segment_9_dualised.mid,27,test\drummer7-eval_session-5_funk-groove5_84_beat_4-4_best_2bar_segment_9.mid,84,39,funk
set0,210,set0_track210_drummer7-session3-133_soul_105_beat_4-4_best_2bar_segment_4_original.mid,set0_track210_drummer7-session3-133_soul_105_beat_4-4_best_2bar_segment_4_dualised.mid,38,test\drummer7-session3-133_soul_105_beat_4-4_best_2bar_segment_4.mid,105,27,soul
set0,211,set0_track211_drummer7-session3-49_funk_112_beat_4-4_best_2bar_segment_3_original.mid,set0_track211_drummer7-session3-49_funk_112_beat_4-4_best_2bar_segment_3_dualised.mid,235,train\drummer7-session3-49_funk_112_beat_4-4_best_2bar_segment_3.mid,112,41,funk
set0,212,set0_track212_drummer5-session1-14_latin-brazilian-songo_112_beat_4-4_best_2bar_segment_120_original.mid,set0_track212_drummer5-session1-14_latin-brazilian-songo_112_beat_4-4_best_2bar_segment_120_dualised.mid,151,train\drummer5-session1-14_latin-brazilian-songo_112_beat_4-4_best_2bar_segment_120.mid,112,97,latin
set0,213,set0_track213_drummer5-session1-1_latin-brazilian-bossa_127_beat_4-4_best_2bar_segment_16_original.mid,set0_track213_drummer5-session1-1_latin-brazilian-bossa_127_beat_4-4_best_2bar_segment_16_dualised.mid,157,train\drummer5-session1-1_latin-brazilian-bossa_127_beat_4-4_best_2bar_segment_16.mid,127,24,latin
set0,214,set0_track214_drummer7-session3-106_hiphop_70_beat_4-4_best_2bar_segment_1_original.mid,set0_track214_drummer7-session3-106_hiphop_70_beat_4-4_best_2bar_segment_1_dualised.mid,219,train\drummer7-session3-106_hiphop_70_beat_4-4_best_2bar_segment_1.mid,70,22,hiphop
set0,215,set0_track215_drummer10-session1-10_jazz-swing_110_beat_4-4_best_2bar_segment_27_original.mid,set0_track215_drummer10-session1-10_jazz-swing_110_beat_4-4_best_2bar_segment_27_dualised.mid,99,train\drummer10-session1-10_jazz-swing_110_beat_4-4_best_2bar_segment_27.mid,110,32,jazz
