session,track,grooVAE_name,dualised_name,index,original_file_location,bpm,Syncopation,style
repetition0,0,repetition0_track00_drummer7-session3-131_soul_105_beat_4-4_best_2bar_segment_9_original.mid,repetition0_track00_drummer7-session3-131_soul_105_beat_4-4_best_2bar_segment_9_dualised.mid,226,train\drummer7-session3-131_soul_105_beat_4-4_best_2bar_segment_9.mid,105,45,soul
repetition0,1,repetition0_track01_drummer1-session1-202_rock-halftime_140_beat_4-4_best_2bar_segment_10_original.mid,repetition0_track01_drummer1-session1-202_rock-halftime_140_beat_4-4_best_2bar_segment_10_dualised.mid,59,train\drummer1-session1-202_rock-halftime_140_beat_4-4_best_2bar_segment_10.mid,140,5,rock
repetition0,2,repetition0_track02_drummer7-session1-38_hiphop_100_beat_4-4_best_2bar_segment_1_original.mid,repetition0_track02_drummer7-session1-38_hiphop_100_beat_4-4_best_2bar_segment_1_dualised.mid,193,train\drummer7-session1-38_hiphop_100_beat_4-4_best_2bar_segment_1.mid,100,108,hiphop
repetition0,3,repetition0_track03_drummer7-session1-22_hiphop_100_beat_4-4_best_2bar_segment_2_original.mid,repetition0_track03_drummer7-session1-22_hiphop_100_beat_4-4_best_2bar_segment_2_dualised.mid,192,train\drummer7-session1-22_hiphop_100_beat_4-4_best_2bar_segment_2.mid,100,32,hiphop
repetition0,4,repetition0_track04_drummer5-session2-3_latin-brazilian_101_beat_4-4_best_2bar_segment_25_original.mid,repetition0_track04_drummer5-session2-3_latin-brazilian_101_beat_4-4_best_2bar_segment_25_dualised.mid,174,train\drummer5-session2-3_latin-brazilian_101_beat_4-4_best_2bar_segment_25.mid,101,75,latin
repetition0,5,repetition0_track05_drummer1-session1-184_reggae_78_beat_4-4_best_2bar_segment_8_original.mid,repetition0_track05_drummer1-session1-184_reggae_78_beat_4-4_best_2bar_segment_8_dualised.mid,57,train\drummer1-session1-184_reggae_78_beat_4-4_best_2bar_segment_8.mid,78,0,reggae
repetition0,6,repetition0_track06_drummer1-session3-6_dance-disco_120_beat_4-4_best_2bar_segment_68_original.mid,repetition0_track06_drummer1-session3-6_dance-disco_120_beat_4-4_best_2bar_segment_68_dualised.mid,95,train\drummer1-session3-6_dance-disco_120_beat_4-4_best_2bar_segment_68.mid,120,14,dance
repetition0,7,repetition0_track07_drummer7-session1-38_hiphop_100_beat_4-4_best_2bar_segment_1_original.mid,repetition0_track07_drummer7-session1-38_hiphop_100_beat_4-4_best_2bar_segment_1_dualised.mid,193,train\drummer7-session1-38_hiphop_100_beat_4-4_best_2bar_segment_1.mid,100,108,hiphop
repetition0,8,repetition0_track08_drummer5-session1-3_latin-brazilian-samba_89_beat_4-4_best_2bar_segment_15_original.mid,repetition0_track08_drummer5-session1-3_latin-brazilian-samba_89_beat_4-4_best_2bar_segment_15_dualised.mid,159,train\drummer5-session1-3_latin-brazilian-samba_89_beat_4-4_best_2bar_segment_15.mid,89,54,latin
repetition0,9,repetition0_track09_drummer1-session1-4_jazz-funk_116_beat_4-4_best_2bar_segment_5_original.mid,repetition0_track09_drummer1-session1-4_jazz-funk_116_beat_4-4_best_2bar_segment_5_dualised.mid,7,test\drummer1-session1-4_jazz-funk_116_beat_4-4_best_2bar_segment_5.mid,116,70,jazz
repetition0,10,repetition0_track10_drummer7-session2-96_pop_142_beat_4-4_best_2bar_segment_24_original.mid,repetition0_track10_drummer7-session2-96_pop_142_beat_4-4_best_2bar_segment_24_dualised.mid,338,validation\drummer7-session2-96_pop_142_beat_4-4_best_2bar_segment_24.mid,142,6,pop
repetition0,11,repetition0_track11_drummer5-eval_session-5_funk-groove5_84_beat_4-4_best_2bar_segment_6_original.mid,repetition0_track11_drummer5-eval_session-5_funk-groove5_84_beat_4-4_best_2bar_segment_6_dualised.mid,17,test\drummer5-eval_session-5_funk-groove5_84_beat_4-4_best_2bar_segment_6.mid,84,57,funk
repetition0,12,repetition0_track12_drummer1-session1-4_jazz-funk_116_beat_4-4_best_2bar_segment_5_original.mid,repetition0_track12_drummer1-session1-4_jazz-funk_116_beat_4-4_best_2bar_segment_5_dualised.mid,7,test\drummer1-session1-4_jazz-funk_116_beat_4-4_best_2bar_segment_5.mid,116,70,jazz
repetition0,13,repetition0_track13_drummer5-session2-9_neworleans-shuffle_104_beat_4-4_best_2bar_segment_5_original.mid,repetition0_track13_drummer5-session2-9_neworleans-shuffle_104_beat_4-4_best_2bar_segment_5_dualised.mid,178,train\drummer5-session2-9_neworleans-shuffle_104_beat_4-4_best_2bar_segment_5.mid,104,68,neworleans
repetition0,14,repetition0_track14_drummer1-session3-6_dance-disco_120_beat_4-4_best_2bar_segment_68_original.mid,repetition0_track14_drummer1-session3-6_dance-disco_120_beat_4-4_best_2bar_segment_68_dualised.mid,95,train\drummer1-session3-6_dance-disco_120_beat_4-4_best_2bar_segment_68.mid,120,14,dance
repetition0,15,repetition0_track15_drummer8-session2-24_latin_84_beat_4-4_best_2bar_segment_32_original.mid,repetition0_track15_drummer8-session2-24_latin_84_beat_4-4_best_2bar_segment_32_dualised.mid,267,train\drummer8-session2-24_latin_84_beat_4-4_best_2bar_segment_32.mid,84,80,latin
repetition0,16,repetition0_track16_drummer8-session2-13_afrobeat_103_beat_4-4_best_2bar_segment_20_original.mid,repetition0_track16_drummer8-session2-13_afrobeat_103_beat_4-4_best_2bar_segment_20_dualised.mid,260,train\drummer8-session2-13_afrobeat_103_beat_4-4_best_2bar_segment_20.mid,103,34,afrobeat
repetition0,17,repetition0_track17_drummer1-session1-38_latin-samba_116_beat_4-4_best_2bar_segment_25_original.mid,repetition0_track17_drummer1-session1-38_latin-samba_116_beat_4-4_best_2bar_segment_25_dualised.mid,314,validation\drummer1-session1-38_latin-samba_116_beat_4-4_best_2bar_segment_25.mid,116,66,latin
repetition0,18,repetition0_track18_drummer5-session2-9_neworleans-shuffle_104_beat_4-4_best_2bar_segment_5_original.mid,repetition0_track18_drummer5-session2-9_neworleans-shuffle_104_beat_4-4_best_2bar_segment_5_dualised.mid,178,train\drummer5-session2-9_neworleans-shuffle_104_beat_4-4_best_2bar_segment_5.mid,104,68,neworleans
repetition0,19,repetition0_track19_drummer5-session2-3_latin-brazilian_101_beat_4-4_best_2bar_segment_25_original.mid,repetition0_track19_drummer5-session2-3_latin-brazilian_101_beat_4-4_best_2bar_segment_25_dualised.mid,174,train\drummer5-session2-3_latin-brazilian_101_beat_4-4_best_2bar_segment_25.mid,101,75,latin
repetition0,20,repetition0_track20_drummer1-session1-202_rock-halftime_140_beat_4-4_best_2bar_segment_10_original.mid,repetition0_track20_drummer1-session1-202_rock-halftime_140_beat_4-4_best_2bar_segment_10_dualised.mid,59,train\drummer1-session1-202_rock-halftime_140_beat_4-4_best_2bar_segment_10.mid,140,5,rock
repetition0,21,repetition0_track21_drummer7-session3-131_soul_105_beat_4-4_best_2bar_segment_9_original.mid,repetition0_track21_drummer7-session3-131_soul_105_beat_4-4_best_2bar_segment_9_dualised.mid,226,train\drummer7-session3-131_soul_105_beat_4-4_best_2bar_segment_9.mid,105,45,soul
repetition0,22,repetition0_track22_drummer5-session2-3_latin-brazilian_101_beat_4-4_best_2bar_segment_25_original.mid,repetition0_track22_drummer5-session2-3_latin-brazilian_101_beat_4-4_best_2bar_segment_25_dualised.mid,174,train\drummer5-session2-3_latin-brazilian_101_beat_4-4_best_2bar_segment_25.mid,101,75,latin
repetition0,23,repetition0_track23_drummer7-session2-1_rock_120_beat_4-4_best_2bar_segment_0_original.mid,repetition0_track23_drummer7-session2-1_rock_120_beat_4-4_best_2bar_segment_0_dualised.mid,203,train\drummer7-session2-1_rock_120_beat_4-4_best_2bar_segment_0.mid,120,40,rock
repetition0,24,repetition0_track24_drummer7-session1-15_jazz_112_beat_4-4_best_2bar_segment_25_original.mid,repetition0_track24_drummer7-session1-15_jazz_112_beat_4-4_best_2bar_segment_25_dualised.mid,188,train\drummer7-session1-15_jazz_112_beat_4-4_best_2bar_segment_25.mid,112,7,jazz
repetition0,25,repetition0_track25_drummer7-session1-15_jazz_112_beat_4-4_best_2bar_segment_25_original.mid,repetition0_track25_drummer7-session1-15_jazz_112_beat_4-4_best_2bar_segment_25_dualised.mid,188,train\drummer7-session1-15_jazz_112_beat_4-4_best_2bar_segment_25.mid,112,7,jazz
repetition0,26,repetition0_track26_drummer8-session2-24_latin_84_beat_4-4_best_2bar_segment_32_original.mid,repetition0_track26_drummer8-session2-24_latin_84_beat_4-4_best_2bar_segment_32_dualised.mid,267,train\drummer8-session2-24_latin_84_beat_4-4_best_2bar_segment_32.mid,84,80,latin
repetition0,27,repetition0_track27_drummer7-session2-1_rock_120_beat_4-4_best_2bar_segment_0_original.mid,repetition0_track27_drummer7-session2-1_rock_120_beat_4-4_best_2bar_segment_0_dualised.mid,203,train\drummer7-session2-1_rock_120_beat_4-4_best_2bar_segment_0.mid,120,40,rock
repetition0,28,repetition0_track28_drummer7-session2-92_hiphop_75_beat_4-4_best_2bar_segment_0_original.mid,repetition0_track28_drummer7-session2-92_hiphop_75_beat_4-4_best_2bar_segment_0_dualised.mid,217,train\drummer7-session2-92_hiphop_75_beat_4-4_best_2bar_segment_0.mid,75,36,hiphop
repetition0,29,repetition0_track29_drummer5-eval_session-5_funk-groove5_84_beat_4-4_best_2bar_segment_6_original.mid,repetition0_track29_drummer5-eval_session-5_funk-groove5_84_beat_4-4_best_2bar_segment_6_dualised.mid,17,test\drummer5-eval_session-5_funk-groove5_84_beat_4-4_best_2bar_segment_6.mid,84,57,funk
repetition0,30,repetition0_track30_drummer1-session1-4_jazz-funk_116_beat_4-4_best_2bar_segment_5_original.mid,repetition0_track30_drummer1-session1-4_jazz-funk_116_beat_4-4_best_2bar_segment_5_dualised.mid,7,test\drummer1-session1-4_jazz-funk_116_beat_4-4_best_2bar_segment_5.mid,116,70,jazz
repetition0,31,repetition0_track31_drummer7-session3-131_soul_105_beat_4-4_best_2bar_segment_9_original.mid,repetition0_track31_drummer7-session3-131_soul_105_beat_4-4_best_2bar_segment_9_dualised.mid,226,train\drummer7-session3-131_soul_105_beat_4-4_best_2bar_segment_9.mid,105,45,soul
repetition0,32,repetition0_track32_drummer7-session1-22_hiphop_100_beat_4-4_best_2bar_segment_2_original.mid,repetition0_track32_drummer7-session1-22_hiphop_100_beat_4-4_best_2bar_segment_2_dualised.mid,192,train\drummer7-session1-22_hiphop_100_beat_4-4_best_2bar_segment_2.mid,100,32,hiphop
repetition0,33,repetition0_track33_drummer7-session1-38_hiphop_100_beat_4-4_best_2bar_segment_1_original.mid,repetition0_track33_drummer7-session1-38_hiphop_100_beat_4-4_best_2bar_segment_1_dualised.mid,193,train\drummer7-session1-38_hiphop_100_beat_4-4_best_2bar_segment_1.mid,100,108,hiphop
repetition0,34,repetition0_track34_drummer7-session1-8_rock_93_beat_4-4_best_2bar_segment_5_original.mid,repetition0_track34_drummer7-session1-8_rock_93_beat_4-4_best_2bar_segment_5_dualised.mid,197,train\drummer7-session1-8_rock_93_beat_4-4_best_2bar_segment_5.mid,93,0,rock
repetition0,35,repetition0_track35_drummer5-session2-9_neworleans-shuffle_104_beat_4-4_best_2bar_segment_5_original.mid,repetition0_track35_drummer5-session2-9_neworleans-shuffle_104_beat_4-4_best_2bar_segment_5_dualised.mid,178,train\drummer5-session2-9_neworleans-shuffle_104_beat_4-4_best_2bar_segment_5.mid,104,68,neworleans
repetition0,36,repetition0_track36_drummer10-session1-9_jazz-swing_110_beat_4-4_best_2bar_segment_15_original.mid,repetition0_track36_drummer10-session1-9_jazz-swing_110_beat_4-4_best_2bar_segment_15_dualised.mid,107,train\drummer10-session1-9_jazz-swing_110_beat_4-4_best_2bar_segment_15.mid,110,36,jazz
repetition0,37,repetition0_track37_drummer7-session1-15_jazz_112_beat_4-4_best_2bar_segment_25_original.mid,repetition0_track37_drummer7-session1-15_jazz_112_beat_4-4_best_2bar_segment_25_dualised.mid,188,train\drummer7-session1-15_jazz_112_beat_4-4_best_2bar_segment_25.mid,112,7,jazz
repetition0,38,repetition0_track38_drummer1-eval_session-4_soul-groove4_80_beat_4-4_best_2bar_segment_6_original.mid,repetition0_track38_drummer1-eval_session-4_soul-groove4_80_beat_4-4_best_2bar_segment_6_dualised.mid,4,test\drummer1-eval_session-4_soul-groove4_80_beat_4-4_best_2bar_segment_6.mid,80,0,soul
repetition0,39,repetition0_track39_drummer7-session1-22_hiphop_100_beat_4-4_best_2bar_segment_2_original.mid,repetition0_track39_drummer7-session1-22_hiphop_100_beat_4-4_best_2bar_segment_2_dualised.mid,192,train\drummer7-session1-22_hiphop_100_beat_4-4_best_2bar_segment_2.mid,100,32,hiphop
repetition0,40,repetition0_track40_drummer1-eval_session-4_soul-groove4_80_beat_4-4_best_2bar_segment_6_original.mid,repetition0_track40_drummer1-eval_session-4_soul-groove4_80_beat_4-4_best_2bar_segment_6_dualised.mid,4,test\drummer1-eval_session-4_soul-groove4_80_beat_4-4_best_2bar_segment_6.mid,80,0,soul
repetition0,41,repetition0_track41_drummer7-eval_session-5_funk-groove5_84_beat_4-4_best_2bar_segment_9_original.mid,repetition0_track41_drummer7-eval_session-5_funk-groove5_84_beat_4-4_best_2bar_segment_9_dualised.mid,27,test\drummer7-eval_session-5_funk-groove5_84_beat_4-4_best_2bar_segment_9.mid,84,39,funk
repetition0,42,repetition0_track42_drummer7-session2-92_hiphop_75_beat_4-4_best_2bar_segment_0_original.mid,repetition0_track42_drummer7-session2-92_hiphop_75_beat_4-4_best_2bar_segment_0_dualised.mid,217,train\drummer7-session2-92_hiphop_75_beat_4-4_best_2bar_segment_0.mid,75,36,hiphop
repetition0,43,repetition0_track43_drummer1-session3-6_dance-disco_120_beat_4-4_best_2bar_segment_68_original.mid,repetition0_track43_drummer1-session3-6_dance-disco_120_beat_4-4_best_2bar_segment_68_dualised.mid,95,train\drummer1-session3-6_dance-disco_120_beat_4-4_best_2bar_segment_68.mid,120,14,dance
repetition0,44,repetition0_track44_drummer1-session2-32_punk_140_beat_4-4_best_2bar_segment_16_original.mid,repetition0_track44_drummer1-session2-32_punk_140_beat_4-4_best_2bar_segment_16_dualised.mid,79,train\drummer1-session2-32_punk_140_beat_4-4_best_2bar_segment_16.mid,140,30,punk
repetition0,45,repetition0_track45_drummer8-session2-13_afrobeat_103_beat_4-4_best_2bar_segment_20_original.mid,repetition0_track45_drummer8-session2-13_afrobeat_103_beat_4-4_best_2bar_segment_20_dualised.mid,260,train\drummer8-session2-13_afrobeat_103_beat_4-4_best_2bar_segment_20.mid,103,34,afrobeat
repetition0,46,repetition0_track46_drummer1-session2-32_punk_140_beat_4-4_best_2bar_segment_16_original.mid,repetition0_track46_drummer1-session2-32_punk_140_beat_4-4_best_2bar_segment_16_dualised.mid,79,train\drummer1-session2-32_punk_140_beat_4-4_best_2bar_segment_16.mid,140,30,punk
repetition0,47,repetition0_track47_drummer10-session1-9_jazz-swing_110_beat_4-4_best_2bar_segment_15_original.mid,repetition0_track47_drummer10-session1-9_jazz-swing_110_beat_4-4_best_2bar_segment_15_dualised.mid,107,train\drummer10-session1-9_jazz-swing_110_beat_4-4_best_2bar_segment_15.mid,110,36,jazz
repetition0,48,repetition0_track48_drummer5-session1-3_latin-brazilian-samba_89_beat_4-4_best_2bar_segment_15_original.mid,repetition0_track48_drummer5-session1-3_latin-brazilian-samba_89_beat_4-4_best_2bar_segment_15_dualised.mid,159,train\drummer5-session1-3_latin-brazilian-samba_89_beat_4-4_best_2bar_segment_15.mid,89,54,latin
repetition0,49,repetition0_track49_drummer1-eval_session-4_soul-groove4_80_beat_4-4_best_2bar_segment_6_original.mid,repetition0_track49_drummer1-eval_session-4_soul-groove4_80_beat_4-4_best_2bar_segment_6_dualised.mid,4,test\drummer1-eval_session-4_soul-groove4_80_beat_4-4_best_2bar_segment_6.mid,80,0,soul
repetition0,50,repetition0_track50_drummer7-eval_session-5_funk-groove5_84_beat_4-4_best_2bar_segment_9_original.mid,repetition0_track50_drummer7-eval_session-5_funk-groove5_84_beat_4-4_best_2bar_segment_9_dualised.mid,27,test\drummer7-eval_session-5_funk-groove5_84_beat_4-4_best_2bar_segment_9.mid,84,39,funk
repetition0,51,repetition0_track51_drummer5-session1-18_afrocuban_128_beat_4-4_best_2bar_segment_61_original.mid,repetition0_track51_drummer5-session1-18_afrocuban_128_beat_4-4_best_2bar_segment_61_dualised.mid,155,train\drummer5-session1-18_afrocuban_128_beat_4-4_best_2bar_segment_61.mid,128,46,afrocuban
repetition0,52,repetition0_track52_drummer7-eval_session-5_funk-groove5_84_beat_4-4_best_2bar_segment_9_original.mid,repetition0_track52_drummer7-eval_session-5_funk-groove5_84_beat_4-4_best_2bar_segment_9_dualised.mid,27,test\drummer7-eval_session-5_funk-groove5_84_beat_4-4_best_2bar_segment_9.mid,84,39,funk
repetition0,53,repetition0_track53_drummer5-session1-18_afrocuban_128_beat_4-4_best_2bar_segment_61_original.mid,repetition0_track53_drummer5-session1-18_afrocuban_128_beat_4-4_best_2bar_segment_61_dualised.mid,155,train\drummer5-session1-18_afrocuban_128_beat_4-4_best_2bar_segment_61.mid,128,46,afrocuban
repetition0,54,repetition0_track54_drummer8-session2-13_afrobeat_103_beat_4-4_best_2bar_segment_20_original.mid,repetition0_track54_drummer8-session2-13_afrobeat_103_beat_4-4_best_2bar_segment_20_dualised.mid,260,train\drummer8-session2-13_afrobeat_103_beat_4-4_best_2bar_segment_20.mid,103,34,afrobeat
repetition0,55,repetition0_track55_drummer7-session2-1_rock_120_beat_4-4_best_2bar_segment_0_original.mid,repetition0_track55_drummer7-session2-1_rock_120_beat_4-4_best_2bar_segment_0_dualised.mid,203,train\drummer7-session2-1_rock_120_beat_4-4_best_2bar_segment_0.mid,120,40,rock
repetition0,56,repetition0_track56_drummer5-session1-3_latin-brazilian-samba_89_beat_4-4_best_2bar_segment_15_original.mid,repetition0_track56_drummer5-session1-3_latin-brazilian-samba_89_beat_4-4_best_2bar_segment_15_dualised.mid,159,train\drummer5-session1-3_latin-brazilian-samba_89_beat_4-4_best_2bar_segment_15.mid,89,54,latin
repetition0,57,repetition0_track57_drummer5-eval_session-5_funk-groove5_84_beat_4-4_best_2bar_segment_6_original.mid,repetition0_track57_drummer5-eval_session-5_funk-groove5_84_beat_4-4_best_2bar_segment_6_dualised.mid,17,test\drummer5-eval_session-5_funk-groove5_84_beat_4-4_best_2bar_segment_6.mid,84,57,funk
repetition0,58,repetition0_track58_drummer1-session2-32_punk_140_beat_4-4_best_2bar_segment_16_original.mid,repetition0_track58_drummer1-session2-32_punk_140_beat_4-4_best_2bar_segment_16_dualised.mid,79,train\drummer1-session2-32_punk_140_beat_4-4_best_2bar_segment_16.mid,140,30,punk
repetition0,59,repetition0_track59_drummer8-session2-24_latin_84_beat_4-4_best_2bar_segment_32_original.mid,repetition0_track59_drummer8-session2-24_latin_84_beat_4-4_best_2bar_segment_32_dualised.mid,267,train\drummer8-session2-24_latin_84_beat_4-4_best_2bar_segment_32.mid,84,80,latin
repetition0,60,repetition0_track60_drummer10-session1-9_jazz-swing_110_beat_4-4_best_2bar_segment_15_original.mid,repetition0_track60_drummer10-session1-9_jazz-swing_110_beat_4-4_best_2bar_segment_15_dualised.mid,107,train\drummer10-session1-9_jazz-swing_110_beat_4-4_best_2bar_segment_15.mid,110,36,jazz
repetition0,61,repetition0_track61_drummer5-session1-18_afrocuban_128_beat_4-4_best_2bar_segment_61_original.mid,repetition0_track61_drummer5-session1-18_afrocuban_128_beat_4-4_best_2bar_segment_61_dualised.mid,155,train\drummer5-session1-18_afrocuban_128_beat_4-4_best_2bar_segment_61.mid,128,46,afrocuban
repetition0,62,repetition0_track62_drummer1-session1-184_reggae_78_beat_4-4_best_2bar_segment_8_original.mid,repetition0_track62_drummer1-session1-184_reggae_78_beat_4-4_best_2bar_segment_8_dualised.mid,57,train\drummer1-session1-184_reggae_78_beat_4-4_best_2bar_segment_8.mid,78,0,reggae
repetition0,63,repetition0_track63_drummer1-session1-38_latin-samba_116_beat_4-4_best_2bar_segment_25_original.mid,repetition0_track63_drummer1-session1-38_latin-samba_116_beat_4-4_best_2bar_segment_25_dualised.mid,314,validation\drummer1-session1-38_latin-samba_116_beat_4-4_best_2bar_segment_25.mid,116,66,latin
repetition0,64,repetition0_track64_drummer7-session1-8_rock_93_beat_4-4_best_2bar_segment_5_original.mid,repetition0_track64_drummer7-session1-8_rock_93_beat_4-4_best_2bar_segment_5_dualised.mid,197,train\drummer7-session1-8_rock_93_beat_4-4_best_2bar_segment_5.mid,93,0,rock
repetition0,65,repetition0_track65_drummer7-session1-8_rock_93_beat_4-4_best_2bar_segment_5_original.mid,repetition0_track65_drummer7-session1-8_rock_93_beat_4-4_best_2bar_segment_5_dualised.mid,197,train\drummer7-session1-8_rock_93_beat_4-4_best_2bar_segment_5.mid,93,0,rock
repetition0,66,repetition0_track66_drummer1-session1-202_rock-halftime_140_beat_4-4_best_2bar_segment_10_original.mid,repetition0_track66_drummer1-session1-202_rock-halftime_140_beat_4-4_best_2bar_segment_10_dualised.mid,59,train\drummer1-session1-202_rock-halftime_140_beat_4-4_best_2bar_segment_10.mid,140,5,rock
repetition0,67,repetition0_track67_drummer7-session2-96_pop_142_beat_4-4_best_2bar_segment_24_original.mid,repetition0_track67_drummer7-session2-96_pop_142_beat_4-4_best_2bar_segment_24_dualised.mid,338,validation\drummer7-session2-96_pop_142_beat_4-4_best_2bar_segment_24.mid,142,6,pop
repetition0,68,repetition0_track68_drummer1-session1-38_latin-samba_116_beat_4-4_best_2bar_segment_25_original.mid,repetition0_track68_drummer1-session1-38_latin-samba_116_beat_4-4_best_2bar_segment_25_dualised.mid,314,validation\drummer1-session1-38_latin-samba_116_beat_4-4_best_2bar_segment_25.mid,116,66,latin
repetition0,69,repetition0_track69_drummer1-session1-184_reggae_78_beat_4-4_best_2bar_segment_8_original.mid,repetition0_track69_drummer1-session1-184_reggae_78_beat_4-4_best_2bar_segment_8_dualised.mid,57,train\drummer1-session1-184_reggae_78_beat_4-4_best_2bar_segment_8.mid,78,0,reggae
repetition0,70,repetition0_track70_drummer7-session2-96_pop_142_beat_4-4_best_2bar_segment_24_original.mid,repetition0_track70_drummer7-session2-96_pop_142_beat_4-4_best_2bar_segment_24_dualised.mid,338,validation\drummer7-session2-96_pop_142_beat_4-4_best_2bar_segment_24.mid,142,6,pop
repetition0,71,repetition0_track71_drummer7-session2-92_hiphop_75_beat_4-4_best_2bar_segment_0_original.mid,repetition0_track71_drummer7-session2-92_hiphop_75_beat_4-4_best_2bar_segment_0_dualised.mid,217,train\drummer7-session2-92_hiphop_75_beat_4-4_best_2bar_segment_0.mid,75,36,hiphop
