session,track,grooVAE_name,dualised_name,index,original_file_location,bpm,Syncopation,style
session1,0,session1_track00_drummer3-session2-43_rock_110_beat_4-4_best_2bar_segment_0_original.mid,session1_track00_drummer3-session2-43_rock_110_beat_4-4_best_2bar_segment_0_dualised.mid,142,train\drummer3-session2-43_rock_110_beat_4-4_best_2bar_segment_0.mid,110,0,rock
session1,1,session1_track01_drummer1-session3-9_rock_135_beat_4-4_best_2bar_segment_5_original.mid,session1_track01_drummer1-session3-9_rock_135_beat_4-4_best_2bar_segment_5_dualised.mid,98,train\drummer1-session3-9_rock_135_beat_4-4_best_2bar_segment_5.mid,135,0,rock
session1,2,session1_track02_drummer7-session2-97_pop_142_beat_4-4_best_2bar_segment_3_original.mid,session1_track02_drummer7-session2-97_pop_142_beat_4-4_best_2bar_segment_3_dualised.mid,218,train\drummer7-session2-97_pop_142_beat_4-4_best_2bar_segment_3.mid,142,0,pop
session1,3,session1_track03_drummer1-session3-7_dance-disco_120_beat_4-4_best_2bar_segment_10_original.mid,session1_track03_drummer1-session3-7_dance-disco_120_beat_4-4_best_2bar_segment_10_dualised.mid,96,train\drummer1-session3-7_dance-disco_120_beat_4-4_best_2bar_segment_10.mid,120,0,dance
session1,4,session1_track04_drummer1-session1-202_rock-halftime_140_beat_4-4_best_2bar_segment_10_original.mid,session1_track04_drummer1-session1-202_rock-halftime_140_beat_4-4_best_2bar_segment_10_dualised.mid,59,train\drummer1-session1-202_rock-halftime_140_beat_4-4_best_2bar_segment_10.mid,140,5,rock
session1,5,session1_track05_drummer3-session2-31_hiphop_92_beat_4-4_best_2bar_segment_0_original.mid,session1_track05_drummer3-session2-31_hiphop_92_beat_4-4_best_2bar_segment_0_dualised.mid,139,train\drummer3-session2-31_hiphop_92_beat_4-4_best_2bar_segment_0.mid,92,6,hiphop
session1,6,session1_track06_drummer9-session1-1_rock_100_beat_4-4_best_2bar_segment_0_original.mid,session1_track06_drummer9-session1-1_rock_100_beat_4-4_best_2bar_segment_0_dualised.mid,297,train\drummer9-session1-1_rock_100_beat_4-4_best_2bar_segment_0.mid,100,6,rock
session1,7,session1_track07_drummer1-session1-47_jazz_102_beat_4-4_best_2bar_segment_11_original.mid,session1_track07_drummer1-session1-47_jazz_102_beat_4-4_best_2bar_segment_11_dualised.mid,61,train\drummer1-session1-47_jazz_102_beat_4-4_best_2bar_segment_11.mid,102,8,jazz
session1,8,session1_track08_drummer2-session2-1_rock_130_beat_4-4_best_2bar_segment_9_original.mid,session1_track08_drummer2-session2-1_rock_130_beat_4-4_best_2bar_segment_9_dualised.mid,108,train\drummer2-session2-1_rock_130_beat_4-4_best_2bar_segment_9.mid,130,8,rock
session1,9,session1_track09_drummer8-session2-14_afrobeat_103_beat_4-4_best_2bar_segment_26_original.mid,session1_track09_drummer8-session2-14_afrobeat_103_beat_4-4_best_2bar_segment_26_dualised.mid,261,train\drummer8-session2-14_afrobeat_103_beat_4-4_best_2bar_segment_26.mid,103,9,afrobeat
session1,10,session1_track10_drummer1-session3-2_jazz-swing_185_beat_4-4_best_2bar_segment_0_original.mid,session1_track10_drummer1-session3-2_jazz-swing_185_beat_4-4_best_2bar_segment_0_dualised.mid,91,train\drummer1-session3-2_jazz-swing_185_beat_4-4_best_2bar_segment_0.mid,185,11,jazz
session1,11,session1_track11_drummer8-session1-23_hiphop_70_beat_4-4_best_2bar_segment_0_original.mid,session1_track11_drummer8-session1-23_hiphop_70_beat_4-4_best_2bar_segment_0_dualised.mid,249,train\drummer8-session1-23_hiphop_70_beat_4-4_best_2bar_segment_0.mid,70,11,hiphop
session1,12,session1_track12_drummer7-session2-54_soul-motown_148_beat_4-4_best_2bar_segment_2_original.mid,session1_track12_drummer7-session2-54_soul-motown_148_beat_4-4_best_2bar_segment_2_dualised.mid,209,train\drummer7-session2-54_soul-motown_148_beat_4-4_best_2bar_segment_2.mid,148,12,soul
session1,13,session1_track13_drummer5-eval_session-4_soul-groove4_80_beat_4-4_best_2bar_segment_2_original.mid,session1_track13_drummer5-eval_session-4_soul-groove4_80_beat_4-4_best_2bar_segment_2_dualised.mid,16,test\drummer5-eval_session-4_soul-groove4_80_beat_4-4_best_2bar_segment_2.mid,80,12,soul
session1,14,session1_track14_drummer8-session1-1_funk_95_beat_4-4_best_2bar_segment_5_original.mid,session1_track14_drummer8-session1-1_funk_95_beat_4-4_best_2bar_segment_5_dualised.mid,246,train\drummer8-session1-1_funk_95_beat_4-4_best_2bar_segment_5.mid,95,18,funk
session1,15,session1_track15_drummer7-session2-87_hiphop_75_beat_4-4_best_2bar_segment_17_original.mid,session1_track15_drummer7-session2-87_hiphop_75_beat_4-4_best_2bar_segment_17_dualised.mid,216,train\drummer7-session2-87_hiphop_75_beat_4-4_best_2bar_segment_17.mid,75,19,hiphop
session1,16,session1_track16_drummer3-session2-26_hiphop_92_beat_4-4_best_2bar_segment_5_original.mid,session1_track16_drummer3-session2-26_hiphop_92_beat_4-4_best_2bar_segment_5_dualised.mid,134,train\drummer3-session2-26_hiphop_92_beat_4-4_best_2bar_segment_5.mid,92,19,hiphop
session1,17,session1_track17_drummer3-session1-4_rock_105_beat_4-4_best_2bar_segment_4_original.mid,session1_track17_drummer3-session1-4_rock_105_beat_4-4_best_2bar_segment_4_dualised.mid,123,train\drummer3-session1-4_rock_105_beat_4-4_best_2bar_segment_4.mid,105,19,rock
session1,18,session1_track18_drummer3-session2-25_hiphop_92_beat_4-4_best_2bar_segment_7_original.mid,session1_track18_drummer3-session2-25_hiphop_92_beat_4-4_best_2bar_segment_7_dualised.mid,321,validation\drummer3-session2-25_hiphop_92_beat_4-4_best_2bar_segment_7.mid,92,20,hiphop
session1,19,session1_track19_drummer8-session2-18_afrobeat_85_beat_4-4_best_2bar_segment_3_original.mid,session1_track19_drummer8-session2-18_afrobeat_85_beat_4-4_best_2bar_segment_3_dualised.mid,342,validation\drummer8-session2-18_afrobeat_85_beat_4-4_best_2bar_segment_3.mid,85,20,afrobeat
session1,20,session1_track20_drummer6-session3-4_rock_127_beat_4-4_best_2bar_segment_14_original.mid,session1_track20_drummer6-session3-4_rock_127_beat_4-4_best_2bar_segment_14_dualised.mid,329,validation\drummer6-session3-4_rock_127_beat_4-4_best_2bar_segment_14.mid,127,20,rock
session1,21,session1_track21_drummer1-session1-75_jazz_125_beat_4-4_best_2bar_segment_2_original.mid,session1_track21_drummer1-session1-75_jazz_125_beat_4-4_best_2bar_segment_2_dualised.mid,66,train\drummer1-session1-75_jazz_125_beat_4-4_best_2bar_segment_2.mid,125,20,jazz
session1,22,session1_track22_drummer2-session2-6_rock_130_beat_4-4_best_2bar_segment_1_original.mid,session1_track22_drummer2-session2-6_rock_130_beat_4-4_best_2bar_segment_1_dualised.mid,111,train\drummer2-session2-6_rock_130_beat_4-4_best_2bar_segment_1.mid,130,20,rock
session1,23,session1_track23_drummer7-session3-106_hiphop_70_beat_4-4_best_2bar_segment_1_original.mid,session1_track23_drummer7-session3-106_hiphop_70_beat_4-4_best_2bar_segment_1_dualised.mid,219,train\drummer7-session3-106_hiphop_70_beat_4-4_best_2bar_segment_1.mid,70,22,hiphop
session1,24,session1_track24_drummer8-eval_session-9_soul-groove9_105_beat_4-4_best_2bar_segment_4_original.mid,session1_track24_drummer8-eval_session-9_soul-groove9_105_beat_4-4_best_2bar_segment_4_dualised.mid,45,test\drummer8-eval_session-9_soul-groove9_105_beat_4-4_best_2bar_segment_4.mid,105,23,soul
session1,25,session1_track25_drummer8-session2-26_dance-disco_137_beat_4-4_best_2bar_segment_32_original.mid,session1_track25_drummer8-session2-26_dance-disco_137_beat_4-4_best_2bar_segment_32_dualised.mid,269,train\drummer8-session2-26_dance-disco_137_beat_4-4_best_2bar_segment_32.mid,137,24,dance
session1,26,session1_track26_drummer7-session2-93_hiphop_75_beat_4-4_best_2bar_segment_0_original.mid,session1_track26_drummer7-session2-93_hiphop_75_beat_4-4_best_2bar_segment_0_dualised.mid,35,test\drummer7-session2-93_hiphop_75_beat_4-4_best_2bar_segment_0.mid,75,25,hiphop
session1,27,session1_track27_drummer8-session2-40_rock-indie_104_beat_4-4_best_2bar_segment_12_original.mid,session1_track27_drummer8-session2-40_rock-indie_104_beat_4-4_best_2bar_segment_12_dualised.mid,50,test\drummer8-session2-40_rock-indie_104_beat_4-4_best_2bar_segment_12.mid,104,26,rock
session1,28,session1_track28_drummer7-session2-113_jazz-fusion_96_beat_4-4_best_2bar_segment_8_original.mid,session1_track28_drummer7-session2-113_jazz-fusion_96_beat_4-4_best_2bar_segment_8_dualised.mid,333,validation\drummer7-session2-113_jazz-fusion_96_beat_4-4_best_2bar_segment_8.mid,96,26,jazz
session1,29,session1_track29_drummer5-eval_session-9_soul-groove9_105_beat_4-4_best_2bar_segment_5_original.mid,session1_track29_drummer5-eval_session-9_soul-groove9_105_beat_4-4_best_2bar_segment_5_dualised.mid,20,test\drummer5-eval_session-9_soul-groove9_105_beat_4-4_best_2bar_segment_5.mid,105,26,soul
session1,30,session1_track30_drummer7-session1-16_hiphop_100_beat_4-4_best_2bar_segment_3_original.mid,session1_track30_drummer7-session1-16_hiphop_100_beat_4-4_best_2bar_segment_3_dualised.mid,31,test\drummer7-session1-16_hiphop_100_beat_4-4_best_2bar_segment_3.mid,100,28,hiphop
session1,31,session1_track31_drummer5-session2-5_reggae_126_beat_4-4_best_2bar_segment_32_original.mid,session1_track31_drummer5-session2-5_reggae_126_beat_4-4_best_2bar_segment_32_dualised.mid,175,train\drummer5-session2-5_reggae_126_beat_4-4_best_2bar_segment_32.mid,126,29,reggae
session1,32,session1_track32_drummer8-session1-16_afrobeat_90_beat_4-4_best_2bar_segment_30_original.mid,session1_track32_drummer8-session1-16_afrobeat_90_beat_4-4_best_2bar_segment_30_dualised.mid,339,validation\drummer8-session1-16_afrobeat_90_beat_4-4_best_2bar_segment_30.mid,90,32,afrobeat
session1,33,session1_track33_drummer7-session1-22_hiphop_100_beat_4-4_best_2bar_segment_2_original.mid,session1_track33_drummer7-session1-22_hiphop_100_beat_4-4_best_2bar_segment_2_dualised.mid,192,train\drummer7-session1-22_hiphop_100_beat_4-4_best_2bar_segment_2.mid,100,32,hiphop
session1,34,session1_track34_drummer4-session1-6_blues-shuffle_134_beat_4-4_best_2bar_segment_2_original.mid,session1_track34_drummer4-session1-6_blues-shuffle_134_beat_4-4_best_2bar_segment_2_dualised.mid,146,train\drummer4-session1-6_blues-shuffle_134_beat_4-4_best_2bar_segment_2.mid,134,32,blues
session1,35,session1_track35_drummer8-session2-10_hiphop_86_beat_4-4_best_2bar_segment_4_original.mid,session1_track35_drummer8-session2-10_hiphop_86_beat_4-4_best_2bar_segment_4_dualised.mid,258,train\drummer8-session2-10_hiphop_86_beat_4-4_best_2bar_segment_4.mid,86,33,hiphop
session1,36,session1_track36_drummer1-session1-76_jazz-mediumfast_180_beat_4-4_best_2bar_segment_0_original.mid,session1_track36_drummer1-session1-76_jazz-mediumfast_180_beat_4-4_best_2bar_segment_0_dualised.mid,67,train\drummer1-session1-76_jazz-mediumfast_180_beat_4-4_best_2bar_segment_0.mid,180,36,jazz
session1,37,session1_track37_drummer8-session2-41_highlife_126_beat_4-4_best_2bar_segment_50_original.mid,session1_track37_drummer8-session2-41_highlife_126_beat_4-4_best_2bar_segment_50_dualised.mid,51,test\drummer8-session2-41_highlife_126_beat_4-4_best_2bar_segment_50.mid,126,36,highlife
session1,38,session1_track38_drummer8-session2-28_latin-bounce_106_beat_4-4_best_2bar_segment_62_original.mid,session1_track38_drummer8-session2-28_latin-bounce_106_beat_4-4_best_2bar_segment_62_dualised.mid,271,train\drummer8-session2-28_latin-bounce_106_beat_4-4_best_2bar_segment_62.mid,106,38,latin
session1,39,session1_track39_drummer7-session3-65_funk_112_beat_4-4_best_2bar_segment_13_original.mid,session1_track39_drummer7-session3-65_funk_112_beat_4-4_best_2bar_segment_13_dualised.mid,237,train\drummer7-session3-65_funk_112_beat_4-4_best_2bar_segment_13.mid,112,38,funk
session1,40,session1_track40_drummer1-session2-161_afrocuban-rhumba_110_beat_4-4_best_2bar_segment_35_original.mid,session1_track40_drummer1-session2-161_afrocuban-rhumba_110_beat_4-4_best_2bar_segment_35_dualised.mid,75,train\drummer1-session2-161_afrocuban-rhumba_110_beat_4-4_best_2bar_segment_35.mid,110,40,afrocuban
session1,41,session1_track41_drummer7-session2-14_rock_95_beat_4-4_best_2bar_segment_3_original.mid,session1_track41_drummer7-session2-14_rock_95_beat_4-4_best_2bar_segment_3_dualised.mid,334,validation\drummer7-session2-14_rock_95_beat_4-4_best_2bar_segment_3.mid,95,41,rock
session1,42,session1_track42_drummer7-session3-48_funk_112_beat_4-4_best_2bar_segment_0_original.mid,session1_track42_drummer7-session3-48_funk_112_beat_4-4_best_2bar_segment_0_dualised.mid,234,train\drummer7-session3-48_funk_112_beat_4-4_best_2bar_segment_0.mid,112,41,funk
session1,43,session1_track43_drummer1-eval_session-1_funk-groove1_138_beat_4-4_best_2bar_segment_5_original.mid,session1_track43_drummer1-eval_session-1_funk-groove1_138_beat_4-4_best_2bar_segment_5_dualised.mid,1,test\drummer1-eval_session-1_funk-groove1_138_beat_4-4_best_2bar_segment_5.mid,138,41,funk
session1,44,session1_track44_drummer1-session3-4_jazz-linear_182_beat_4-4_best_2bar_segment_124_original.mid,session1_track44_drummer1-session3-4_jazz-linear_182_beat_4-4_best_2bar_segment_124_dualised.mid,93,train\drummer1-session3-4_jazz-linear_182_beat_4-4_best_2bar_segment_124.mid,182,41,jazz
session1,45,session1_track45_drummer5-session1-9_latin-dominican-merengue_130_beat_4-4_best_2bar_segment_51_original.mid,session1_track45_drummer5-session1-9_latin-dominican-merengue_130_beat_4-4_best_2bar_segment_51_dualised.mid,162,train\drummer5-session1-9_latin-dominican-merengue_130_beat_4-4_best_2bar_segment_51.mid,130,42,latin
session1,46,session1_track46_drummer1-session2-36_punk_128_beat_4-4_best_2bar_segment_0_original.mid,session1_track46_drummer1-session2-36_punk_128_beat_4-4_best_2bar_segment_0_dualised.mid,80,train\drummer1-session2-36_punk_128_beat_4-4_best_2bar_segment_0.mid,128,44,punk
session1,47,session1_track47_drummer8-session2-7_latin_95_beat_4-4_best_2bar_segment_15_original.mid,session1_track47_drummer8-session2-7_latin_95_beat_4-4_best_2bar_segment_15_dualised.mid,288,train\drummer8-session2-7_latin_95_beat_4-4_best_2bar_segment_15.mid,95,45,latin
session1,48,session1_track48_drummer5-session1-18_afrocuban_128_beat_4-4_best_2bar_segment_61_original.mid,session1_track48_drummer5-session1-18_afrocuban_128_beat_4-4_best_2bar_segment_61_dualised.mid,155,train\drummer5-session1-18_afrocuban_128_beat_4-4_best_2bar_segment_61.mid,128,46,afrocuban
session1,49,session1_track49_drummer8-session2-20_neworleans-funk_90_beat_4-4_best_2bar_segment_18_original.mid,session1_track49_drummer8-session2-20_neworleans-funk_90_beat_4-4_best_2bar_segment_18_dualised.mid,265,train\drummer8-session2-20_neworleans-funk_90_beat_4-4_best_2bar_segment_18.mid,90,47,neworleans
session1,50,session1_track50_drummer8-session2-5_funk_91_beat_4-4_best_2bar_segment_5_original.mid,session1_track50_drummer8-session2-5_funk_91_beat_4-4_best_2bar_segment_5_dualised.mid,286,train\drummer8-session2-5_funk_91_beat_4-4_best_2bar_segment_5.mid,91,48,funk
session1,51,session1_track51_drummer1-session1-239_funk-purdieshuffle_130_beat_4-4_best_2bar_segment_63_original.mid,session1_track51_drummer1-session1-239_funk-purdieshuffle_130_beat_4-4_best_2bar_segment_63_dualised.mid,5,test\drummer1-session1-239_funk-purdieshuffle_130_beat_4-4_best_2bar_segment_63.mid,130,49,funk
session1,52,session1_track52_drummer8-session1-18_funk_108_beat_4-4_best_2bar_segment_28_original.mid,session1_track52_drummer8-session1-18_funk_108_beat_4-4_best_2bar_segment_28_dualised.mid,340,validation\drummer8-session1-18_funk_108_beat_4-4_best_2bar_segment_28.mid,108,50,funk
session1,53,session1_track53_drummer8-session2-17_afrobeat_85_beat_4-4_best_2bar_segment_17_original.mid,session1_track53_drummer8-session2-17_afrobeat_85_beat_4-4_best_2bar_segment_17_dualised.mid,48,test\drummer8-session2-17_afrobeat_85_beat_4-4_best_2bar_segment_17.mid,85,50,afrobeat
session1,54,session1_track54_drummer5-eval_session-3_soul-groove3_86_beat_4-4_best_2bar_segment_4_original.mid,session1_track54_drummer5-eval_session-3_soul-groove3_86_beat_4-4_best_2bar_segment_4_dualised.mid,15,test\drummer5-eval_session-3_soul-groove3_86_beat_4-4_best_2bar_segment_4.mid,86,50,soul
session1,55,session1_track55_drummer5-session2-7_neworleans-secondline_124_beat_4-4_best_2bar_segment_9_original.mid,session1_track55_drummer5-session2-7_neworleans-secondline_124_beat_4-4_best_2bar_segment_9_dualised.mid,177,train\drummer5-session2-7_neworleans-secondline_124_beat_4-4_best_2bar_segment_9.mid,124,52,neworleans
session1,56,session1_track56_drummer8-session1-11_neworleans-funk_82_beat_4-4_best_2bar_segment_1_original.mid,session1_track56_drummer8-session1-11_neworleans-funk_82_beat_4-4_best_2bar_segment_1_dualised.mid,241,train\drummer8-session1-11_neworleans-funk_82_beat_4-4_best_2bar_segment_1.mid,82,54,neworleans
session1,57,session1_track57_drummer9-session1-25_rock_90_beat_4-4_best_2bar_segment_3_original.mid,session1_track57_drummer9-session1-25_rock_90_beat_4-4_best_2bar_segment_3_dualised.mid,302,train\drummer9-session1-25_rock_90_beat_4-4_best_2bar_segment_3.mid,90,55,rock
session1,58,session1_track58_drummer8-session2-36_latin_118_beat_4-4_best_2bar_segment_18_original.mid,session1_track58_drummer8-session2-36_latin_118_beat_4-4_best_2bar_segment_18_dualised.mid,280,train\drummer8-session2-36_latin_118_beat_4-4_best_2bar_segment_18.mid,118,59,latin
session1,59,session1_track59_drummer5-session2-11_soul_96_beat_4-4_best_2bar_segment_22_original.mid,session1_track59_drummer5-session2-11_soul_96_beat_4-4_best_2bar_segment_22_dualised.mid,164,train\drummer5-session2-11_soul_96_beat_4-4_best_2bar_segment_22.mid,96,59,soul
session1,60,session1_track60_drummer5-session1-11_latin-brazilian-sambareggae_96_beat_4-4_best_2bar_segment_11_original.mid,session1_track60_drummer5-session1-11_latin-brazilian-sambareggae_96_beat_4-4_best_2bar_segment_11_dualised.mid,323,validation\drummer5-session1-11_latin-brazilian-sambareggae_96_beat_4-4_best_2bar_segment_11.mid,96,64,latin
session1,61,session1_track61_drummer7-session2-115_jazz-fusion_96_beat_4-4_best_2bar_segment_6_original.mid,session1_track61_drummer7-session2-115_jazz-fusion_96_beat_4-4_best_2bar_segment_6_dualised.mid,201,train\drummer7-session2-115_jazz-fusion_96_beat_4-4_best_2bar_segment_6.mid,96,64,jazz
session1,62,session1_track62_drummer5-session1-20_latin-brazilian-baiao_110_beat_4-4_best_2bar_segment_28_original.mid,session1_track62_drummer5-session1-20_latin-brazilian-baiao_110_beat_4-4_best_2bar_segment_28_dualised.mid,158,train\drummer5-session1-20_latin-brazilian-baiao_110_beat_4-4_best_2bar_segment_28.mid,110,65,latin
session1,63,session1_track63_drummer1-eval_session-2_funk-groove2_105_beat_4-4_best_2bar_segment_5_original.mid,session1_track63_drummer1-eval_session-2_funk-groove2_105_beat_4-4_best_2bar_segment_5_dualised.mid,2,test\drummer1-eval_session-2_funk-groove2_105_beat_4-4_best_2bar_segment_5.mid,105,66,funk
session1,64,session1_track64_drummer8-session2-27_dance-disco_137_beat_4-4_best_2bar_segment_38_original.mid,session1_track64_drummer8-session2-27_dance-disco_137_beat_4-4_best_2bar_segment_38_dualised.mid,270,train\drummer8-session2-27_dance-disco_137_beat_4-4_best_2bar_segment_38.mid,137,69,dance
session1,65,session1_track65_drummer8-session2-31_afrobeat_98_beat_4-4_best_2bar_segment_5_original.mid,session1_track65_drummer8-session2-31_afrobeat_98_beat_4-4_best_2bar_segment_5_dualised.mid,275,train\drummer8-session2-31_afrobeat_98_beat_4-4_best_2bar_segment_5.mid,98,71,afrobeat
session1,66,session1_track66_drummer1-session2-10_country_114_beat_4-4_best_2bar_segment_58_original.mid,session1_track66_drummer1-session2-10_country_114_beat_4-4_best_2bar_segment_58_dualised.mid,73,train\drummer1-session2-10_country_114_beat_4-4_best_2bar_segment_58.mid,114,72,country
session1,67,session1_track67_drummer5-session2-6_neworleans-secondline_99_beat_4-4_best_2bar_segment_36_original.mid,session1_track67_drummer5-session2-6_neworleans-secondline_99_beat_4-4_best_2bar_segment_36_dualised.mid,176,train\drummer5-session2-6_neworleans-secondline_99_beat_4-4_best_2bar_segment_36.mid,99,72,neworleans
session1,68,session1_track68_drummer5-session1-4_latin-brazilian-samba_89_beat_4-4_best_2bar_segment_21_original.mid,session1_track68_drummer5-session1-4_latin-brazilian-samba_89_beat_4-4_best_2bar_segment_21_dualised.mid,324,validation\drummer5-session1-4_latin-brazilian-samba_89_beat_4-4_best_2bar_segment_21.mid,89,74,latin
session1,69,session1_track69_drummer8-session1-26_afrobeat_94_beat_4-4_best_2bar_segment_5_original.mid,session1_track69_drummer8-session1-26_afrobeat_94_beat_4-4_best_2bar_segment_5_dualised.mid,252,train\drummer8-session1-26_afrobeat_94_beat_4-4_best_2bar_segment_5.mid,94,78,afrobeat
session1,70,session1_track70_drummer8-session2-35_latin-brazilian-songo_120_beat_4-4_best_2bar_segment_54_original.mid,session1_track70_drummer8-session2-35_latin-brazilian-songo_120_beat_4-4_best_2bar_segment_54_dualised.mid,279,train\drummer8-session2-35_latin-brazilian-songo_120_beat_4-4_best_2bar_segment_54.mid,120,82,latin
session1,71,session1_track71_drummer8-session2-19_neworleans-funk_90_beat_4-4_best_2bar_segment_4_original.mid,session1_track71_drummer8-session2-19_neworleans-funk_90_beat_4-4_best_2bar_segment_4_dualised.mid,263,train\drummer8-session2-19_neworleans-funk_90_beat_4-4_best_2bar_segment_4.mid,90,82,neworleans
