session,track,grooVAE_name,dualised_name,index,original_file_location,bpm,Syncopation,style
session0,0,session0_track00_drummer8-eval_session-4_soul-groove4_80_beat_4-4_best_2bar_segment_10_original.mid,session0_track00_drummer8-eval_session-4_soul-groove4_80_beat_4-4_best_2bar_segment_10_dualised.mid,42,test\drummer8-eval_session-4_soul-groove4_80_beat_4-4_best_2bar_segment_10.mid,80,0,soul
session0,1,session0_track01_drummer3-session1-19_jazz_120_beat_4-4_best_2bar_segment_1_original.mid,session0_track01_drummer3-session1-19_jazz_120_beat_4-4_best_2bar_segment_1_dualised.mid,118,train\drummer3-session1-19_jazz_120_beat_4-4_best_2bar_segment_1.mid,120,0,jazz
session0,2,session0_track02_drummer1-session1-81_dance-breakbeat_170_beat_4-4_best_2bar_segment_4_original.mid,session0_track02_drummer1-session1-81_dance-breakbeat_170_beat_4-4_best_2bar_segment_4_dualised.mid,71,train\drummer1-session1-81_dance-breakbeat_170_beat_4-4_best_2bar_segment_4.mid,170,0,dance
session0,3,session0_track03_drummer3-session1-32_jazz_120_beat_4-4_best_2bar_segment_1_original.mid,session0_track03_drummer3-session1-32_jazz_120_beat_4-4_best_2bar_segment_1_dualised.mid,11,test\drummer3-session1-32_jazz_120_beat_4-4_best_2bar_segment_1.mid,120,0,jazz
session0,4,session0_track04_drummer10-session1-3_jazz-swing_215_beat_4-4_best_2bar_segment_12_original.mid,session0_track04_drummer10-session1-3_jazz-swing_215_beat_4-4_best_2bar_segment_12_dualised.mid,102,train\drummer10-session1-3_jazz-swing_215_beat_4-4_best_2bar_segment_12.mid,215,0,jazz
session0,5,session0_track05_drummer3-session1-8_jazz_105_beat_4-4_best_2bar_segment_2_original.mid,session0_track05_drummer3-session1-8_jazz_105_beat_4-4_best_2bar_segment_2_dualised.mid,126,train\drummer3-session1-8_jazz_105_beat_4-4_best_2bar_segment_2.mid,105,0,jazz
session0,6,session0_track06_drummer1-eval_session-4_soul-groove4_80_beat_4-4_best_2bar_segment_6_original.mid,session0_track06_drummer1-eval_session-4_soul-groove4_80_beat_4-4_best_2bar_segment_6_dualised.mid,4,test\drummer1-eval_session-4_soul-groove4_80_beat_4-4_best_2bar_segment_6.mid,80,0,soul
session0,7,session0_track07_drummer7-session2-96_pop_142_beat_4-4_best_2bar_segment_24_original.mid,session0_track07_drummer7-session2-96_pop_142_beat_4-4_best_2bar_segment_24_dualised.mid,338,validation\drummer7-session2-96_pop_142_beat_4-4_best_2bar_segment_24.mid,142,6,pop
session0,8,session0_track08_drummer7-session1-15_jazz_112_beat_4-4_best_2bar_segment_25_original.mid,session0_track08_drummer7-session1-15_jazz_112_beat_4-4_best_2bar_segment_25_dualised.mid,188,train\drummer7-session1-15_jazz_112_beat_4-4_best_2bar_segment_25.mid,112,7,jazz
session0,9,session0_track09_drummer1-session1-49_jazz_125_beat_4-4_best_2bar_segment_3_original.mid,session0_track09_drummer1-session1-49_jazz_125_beat_4-4_best_2bar_segment_3_dualised.mid,63,train\drummer1-session1-49_jazz_125_beat_4-4_best_2bar_segment_3.mid,125,9,jazz
session0,10,session0_track10_drummer3-session2-2_rock_100_beat_4-4_best_2bar_segment_4_original.mid,session0_track10_drummer3-session2-2_rock_100_beat_4-4_best_2bar_segment_4_dualised.mid,137,train\drummer3-session2-2_rock_100_beat_4-4_best_2bar_segment_4.mid,100,12,rock
session0,11,session0_track11_drummer3-session2-21_rock_92_beat_4-4_best_2bar_segment_0_original.mid,session0_track11_drummer3-session2-21_rock_92_beat_4-4_best_2bar_segment_0_dualised.mid,131,train\drummer3-session2-21_rock_92_beat_4-4_best_2bar_segment_0.mid,92,12,rock
session0,12,session0_track12_drummer1-session3-6_dance-disco_120_beat_4-4_best_2bar_segment_68_original.mid,session0_track12_drummer1-session3-6_dance-disco_120_beat_4-4_best_2bar_segment_68_dualised.mid,95,train\drummer1-session3-6_dance-disco_120_beat_4-4_best_2bar_segment_68.mid,120,14,dance
session0,13,session0_track13_drummer7-session3-23_pop-soft_83_beat_4-4_best_2bar_segment_1_original.mid,session0_track13_drummer7-session3-23_pop-soft_83_beat_4-4_best_2bar_segment_1_dualised.mid,229,train\drummer7-session3-23_pop-soft_83_beat_4-4_best_2bar_segment_1.mid,83,14,pop
session0,14,session0_track14_drummer10-session1-5_jazz-swing_215_beat_4-4_best_2bar_segment_22_original.mid,session0_track14_drummer10-session1-5_jazz-swing_215_beat_4-4_best_2bar_segment_22_dualised.mid,104,train\drummer10-session1-5_jazz-swing_215_beat_4-4_best_2bar_segment_22.mid,215,18,jazz
session0,15,session0_track15_drummer8-session1-2_funk_95_beat_4-4_best_2bar_segment_4_original.mid,session0_track15_drummer8-session1-2_funk_95_beat_4-4_best_2bar_segment_4_dualised.mid,255,train\drummer8-session1-2_funk_95_beat_4-4_best_2bar_segment_4.mid,95,18,funk
session0,16,session0_track16_drummer1-session2-90_funk-rock_92_beat_4-4_best_2bar_segment_37_original.mid,session0_track16_drummer1-session2-90_funk-rock_92_beat_4-4_best_2bar_segment_37_dualised.mid,84,train\drummer1-session2-90_funk-rock_92_beat_4-4_best_2bar_segment_37.mid,92,19,funk
session0,17,session0_track17_drummer1-session3-18_rock_128_beat_4-4_best_2bar_segment_5_original.mid,session0_track17_drummer1-session3-18_rock_128_beat_4-4_best_2bar_segment_5_dualised.mid,89,train\drummer1-session3-18_rock_128_beat_4-4_best_2bar_segment_5.mid,128,19,rock
session0,18,session0_track18_drummer7-eval_session-9_soul-groove9_105_beat_4-4_best_2bar_segment_3_original.mid,session0_track18_drummer7-eval_session-9_soul-groove9_105_beat_4-4_best_2bar_segment_3_dualised.mid,30,test\drummer7-eval_session-9_soul-groove9_105_beat_4-4_best_2bar_segment_3.mid,105,20,soul
session0,19,session0_track19_drummer3-session2-28_rock_92_beat_4-4_best_2bar_segment_0_original.mid,session0_track19_drummer3-session2-28_rock_92_beat_4-4_best_2bar_segment_0_dualised.mid,135,train\drummer3-session2-28_rock_92_beat_4-4_best_2bar_segment_0.mid,92,21,rock
session0,20,session0_track20_drummer4-session1-9_latin-merengue_158_beat_4-4_best_2bar_segment_7_original.mid,session0_track20_drummer4-session1-9_latin-merengue_158_beat_4-4_best_2bar_segment_7_dualised.mid,148,train\drummer4-session1-9_latin-merengue_158_beat_4-4_best_2bar_segment_7.mid,158,24,latin
session0,21,session0_track21_drummer5-session1-19_middleeastern_126_beat_4-4_best_2bar_segment_46_original.mid,session0_track21_drummer5-session1-19_middleeastern_126_beat_4-4_best_2bar_segment_46_dualised.mid,156,train\drummer5-session1-19_middleeastern_126_beat_4-4_best_2bar_segment_46.mid,126,24,middleeastern
session0,22,session0_track22_drummer5-session1-1_latin-brazilian-bossa_127_beat_4-4_best_2bar_segment_16_original.mid,session0_track22_drummer5-session1-1_latin-brazilian-bossa_127_beat_4-4_best_2bar_segment_16_dualised.mid,157,train\drummer5-session1-1_latin-brazilian-bossa_127_beat_4-4_best_2bar_segment_16.mid,127,24,latin
session0,23,session0_track23_drummer7-session2-104_pop_132_beat_4-4_best_2bar_segment_1_original.mid,session0_track23_drummer7-session2-104_pop_132_beat_4-4_best_2bar_segment_1_dualised.mid,200,train\drummer7-session2-104_pop_132_beat_4-4_best_2bar_segment_1.mid,132,24,pop
session0,24,session0_track24_drummer7-session2-100_pop_142_beat_4-4_best_2bar_segment_8_original.mid,session0_track24_drummer7-session2-100_pop_142_beat_4-4_best_2bar_segment_8_dualised.mid,332,validation\drummer7-session2-100_pop_142_beat_4-4_best_2bar_segment_8.mid,142,24,pop
session0,25,session0_track25_drummer7-session2-112_jazz-fusion_96_beat_4-4_best_2bar_segment_3_original.mid,session0_track25_drummer7-session2-112_jazz-fusion_96_beat_4-4_best_2bar_segment_3_dualised.mid,32,test\drummer7-session2-112_jazz-fusion_96_beat_4-4_best_2bar_segment_3.mid,96,26,jazz
session0,26,session0_track26_drummer3-session1-33_jazz_120_beat_4-4_best_2bar_segment_1_original.mid,session0_track26_drummer3-session1-33_jazz_120_beat_4-4_best_2bar_segment_1_dualised.mid,121,train\drummer3-session1-33_jazz_120_beat_4-4_best_2bar_segment_1.mid,120,26,jazz
session0,27,session0_track27_drummer7-session3-133_soul_105_beat_4-4_best_2bar_segment_4_original.mid,session0_track27_drummer7-session3-133_soul_105_beat_4-4_best_2bar_segment_4_dualised.mid,38,test\drummer7-session3-133_soul_105_beat_4-4_best_2bar_segment_4.mid,105,27,soul
session0,28,session0_track28_drummer7-session2-103_pop_132_beat_4-4_best_2bar_segment_0_original.mid,session0_track28_drummer7-session2-103_pop_132_beat_4-4_best_2bar_segment_0_dualised.mid,199,train\drummer7-session2-103_pop_132_beat_4-4_best_2bar_segment_0.mid,132,27,pop
session0,29,session0_track29_drummer1-session1-77_jazz-mediumfast_180_beat_4-4_best_2bar_segment_57_original.mid,session0_track29_drummer1-session1-77_jazz-mediumfast_180_beat_4-4_best_2bar_segment_57_dualised.mid,68,train\drummer1-session1-77_jazz-mediumfast_180_beat_4-4_best_2bar_segment_57.mid,180,27,jazz
session0,30,session0_track30_drummer7-session3-150_soul_105_beat_4-4_best_2bar_segment_9_original.mid,session0_track30_drummer7-session3-150_soul_105_beat_4-4_best_2bar_segment_9_dualised.mid,227,train\drummer7-session3-150_soul_105_beat_4-4_best_2bar_segment_9.mid,105,27,soul
session0,31,session0_track31_drummer7-session1-18_hiphop_100_beat_4-4_best_2bar_segment_1_original.mid,session0_track31_drummer7-session1-18_hiphop_100_beat_4-4_best_2bar_segment_1_dualised.mid,190,train\drummer7-session1-18_hiphop_100_beat_4-4_best_2bar_segment_1.mid,100,28,hiphop
session0,32,session0_track32_drummer1-session1-78_jazz-fast_290_beat_4-4_best_2bar_segment_50_original.mid,session0_track32_drummer1-session1-78_jazz-fast_290_beat_4-4_best_2bar_segment_50_dualised.mid,69,train\drummer1-session1-78_jazz-fast_290_beat_4-4_best_2bar_segment_50.mid,290,28,jazz
session0,33,session0_track33_drummer1-session2-32_punk_140_beat_4-4_best_2bar_segment_16_original.mid,session0_track33_drummer1-session2-32_punk_140_beat_4-4_best_2bar_segment_16_dualised.mid,79,train\drummer1-session2-32_punk_140_beat_4-4_best_2bar_segment_16.mid,140,30,punk
session0,34,session0_track34_drummer7-session2-123_hiphop_140_beat_4-4_best_2bar_segment_5_original.mid,session0_track34_drummer7-session2-123_hiphop_140_beat_4-4_best_2bar_segment_5_dualised.mid,202,train\drummer7-session2-123_hiphop_140_beat_4-4_best_2bar_segment_5.mid,140,31,hiphop
session0,35,session0_track35_drummer7-session3-24_hiphop_67_beat_4-4_best_2bar_segment_12_original.mid,session0_track35_drummer7-session3-24_hiphop_67_beat_4-4_best_2bar_segment_12_dualised.mid,39,test\drummer7-session3-24_hiphop_67_beat_4-4_best_2bar_segment_12.mid,67,32,hiphop
session0,36,session0_track36_drummer5-eval_session-7_pop-groove7_138_beat_4-4_best_2bar_segment_6_original.mid,session0_track36_drummer5-eval_session-7_pop-groove7_138_beat_4-4_best_2bar_segment_6_dualised.mid,19,test\drummer5-eval_session-7_pop-groove7_138_beat_4-4_best_2bar_segment_6.mid,138,34,pop
session0,37,session0_track37_drummer8-session1-15_hiphop_94_beat_4-4_best_2bar_segment_11_original.mid,session0_track37_drummer8-session1-15_hiphop_94_beat_4-4_best_2bar_segment_11_dualised.mid,244,train\drummer8-session1-15_hiphop_94_beat_4-4_best_2bar_segment_11.mid,94,34,hiphop
session0,38,session0_track38_drummer7-session3-130_soul_105_beat_4-4_best_2bar_segment_3_original.mid,session0_track38_drummer7-session3-130_soul_105_beat_4-4_best_2bar_segment_3_dualised.mid,225,train\drummer7-session3-130_soul_105_beat_4-4_best_2bar_segment_3.mid,105,34,soul
session0,39,session0_track39_drummer8-session2-30_afrobeat_98_beat_4-4_best_2bar_segment_11_original.mid,session0_track39_drummer8-session2-30_afrobeat_98_beat_4-4_best_2bar_segment_11_dualised.mid,274,train\drummer8-session2-30_afrobeat_98_beat_4-4_best_2bar_segment_11.mid,98,35,afrobeat
session0,40,session0_track40_drummer10-session1-9_jazz-swing_110_beat_4-4_best_2bar_segment_15_original.mid,session0_track40_drummer10-session1-9_jazz-swing_110_beat_4-4_best_2bar_segment_15_dualised.mid,107,train\drummer10-session1-9_jazz-swing_110_beat_4-4_best_2bar_segment_15.mid,110,36,jazz
session0,41,session0_track41_drummer5-eval_session-6_hiphop-groove6_87_beat_4-4_best_2bar_segment_3_original.mid,session0_track41_drummer5-eval_session-6_hiphop-groove6_87_beat_4-4_best_2bar_segment_3_dualised.mid,18,test\drummer5-eval_session-6_hiphop-groove6_87_beat_4-4_best_2bar_segment_3.mid,87,37,hiphop
session0,42,session0_track42_drummer8-session2-29_latin-bounce_106_beat_4-4_best_2bar_segment_30_original.mid,session0_track42_drummer8-session2-29_latin-bounce_106_beat_4-4_best_2bar_segment_30_dualised.mid,272,train\drummer8-session2-29_latin-bounce_106_beat_4-4_best_2bar_segment_30.mid,106,37,latin
session0,43,session0_track43_drummer1-session1-146_latin-brazilian-baiao_95_beat_4-4_best_2bar_segment_19_original.mid,session0_track43_drummer1-session1-146_latin-brazilian-baiao_95_beat_4-4_best_2bar_segment_19_dualised.mid,55,train\drummer1-session1-146_latin-brazilian-baiao_95_beat_4-4_best_2bar_segment_19.mid,95,39,latin
session0,44,session0_track44_drummer8-session1-6_funk_80_beat_4-4_best_2bar_segment_3_original.mid,session0_track44_drummer8-session1-6_funk_80_beat_4-4_best_2bar_segment_3_dualised.mid,256,train\drummer8-session1-6_funk_80_beat_4-4_best_2bar_segment_3.mid,80,40,funk
session0,45,session0_track45_drummer4-session1-8_blues-shuffle_112_beat_4-4_best_2bar_segment_0_original.mid,session0_track45_drummer4-session1-8_blues-shuffle_112_beat_4-4_best_2bar_segment_0_dualised.mid,147,train\drummer4-session1-8_blues-shuffle_112_beat_4-4_best_2bar_segment_0.mid,112,41,blues
session0,46,session0_track46_drummer8-eval_session-3_soul-groove3_86_beat_4-4_best_2bar_segment_10_original.mid,session0_track46_drummer8-eval_session-3_soul-groove3_86_beat_4-4_best_2bar_segment_10_dualised.mid,41,test\drummer8-eval_session-3_soul-groove3_86_beat_4-4_best_2bar_segment_10.mid,86,41,soul
session0,47,session0_track47_drummer7-session3-49_funk_112_beat_4-4_best_2bar_segment_3_original.mid,session0_track47_drummer7-session3-49_funk_112_beat_4-4_best_2bar_segment_3_dualised.mid,235,train\drummer7-session3-49_funk_112_beat_4-4_best_2bar_segment_3.mid,112,41,funk
session0,48,session0_track48_drummer7-eval_session-3_soul-groove3_86_beat_4-4_best_2bar_segment_7_original.mid,session0_track48_drummer7-eval_session-3_soul-groove3_86_beat_4-4_best_2bar_segment_7_dualised.mid,25,test\drummer7-eval_session-3_soul-groove3_86_beat_4-4_best_2bar_segment_7.mid,86,41,soul
session0,49,session0_track49_drummer8-eval_session-5_funk-groove5_84_beat_4-4_best_2bar_segment_1_original.mid,session0_track49_drummer8-eval_session-5_funk-groove5_84_beat_4-4_best_2bar_segment_1_dualised.mid,43,test\drummer8-eval_session-5_funk-groove5_84_beat_4-4_best_2bar_segment_1.mid,84,42,funk
session0,50,session0_track50_drummer7-session3-39_rock-indie_63_beat_4-4_best_2bar_segment_16_original.mid,session0_track50_drummer7-session3-39_rock-indie_63_beat_4-4_best_2bar_segment_16_dualised.mid,231,train\drummer7-session3-39_rock-indie_63_beat_4-4_best_2bar_segment_16.mid,63,42,rock
session0,51,session0_track51_drummer7-session3-131_soul_105_beat_4-4_best_2bar_segment_9_original.mid,session0_track51_drummer7-session3-131_soul_105_beat_4-4_best_2bar_segment_9_dualised.mid,226,train\drummer7-session3-131_soul_105_beat_4-4_best_2bar_segment_9.mid,105,45,soul
session0,52,session0_track52_drummer7-eval_session-10_soul-groove10_102_beat_4-4_best_2bar_segment_3_original.mid,session0_track52_drummer7-eval_session-10_soul-groove10_102_beat_4-4_best_2bar_segment_3_dualised.mid,23,test\drummer7-eval_session-10_soul-groove10_102_beat_4-4_best_2bar_segment_3.mid,102,45,soul
session0,53,session0_track53_drummer8-session1-24_funk-latin_100_beat_4-4_best_2bar_segment_38_original.mid,session0_track53_drummer8-session1-24_funk-latin_100_beat_4-4_best_2bar_segment_38_dualised.mid,250,train\drummer8-session1-24_funk-latin_100_beat_4-4_best_2bar_segment_38.mid,100,51,funk
session0,54,session0_track54_drummer1-session1-3_funk_80_beat_4-4_best_2bar_segment_6_original.mid,session0_track54_drummer1-session1-3_funk_80_beat_4-4_best_2bar_segment_6_dualised.mid,60,train\drummer1-session1-3_funk_80_beat_4-4_best_2bar_segment_6.mid,80,52,funk
session0,55,session0_track55_drummer5-session1-15_funk_100_beat_4-4_best_2bar_segment_102_original.mid,session0_track55_drummer5-session1-15_funk_100_beat_4-4_best_2bar_segment_102_dualised.mid,152,train\drummer5-session1-15_funk_100_beat_4-4_best_2bar_segment_102.mid,100,52,funk
session0,56,session0_track56_drummer1-eval_session-3_soul-groove3_86_beat_4-4_best_2bar_segment_6_original.mid,session0_track56_drummer1-eval_session-3_soul-groove3_86_beat_4-4_best_2bar_segment_6_dualised.mid,3,test\drummer1-eval_session-3_soul-groove3_86_beat_4-4_best_2bar_segment_6.mid,86,53,soul
session0,57,session0_track57_drummer1-session3-11_afrobeat_94_beat_4-4_best_2bar_segment_87_original.mid,session0_track57_drummer1-session3-11_afrobeat_94_beat_4-4_best_2bar_segment_87_dualised.mid,87,train\drummer1-session3-11_afrobeat_94_beat_4-4_best_2bar_segment_87.mid,94,53,afrobeat
session0,58,session0_track58_drummer5-session2-21_latin-brazilian-ijexa_108_beat_4-4_best_2bar_segment_2_original.mid,session0_track58_drummer5-session2-21_latin-brazilian-ijexa_108_beat_4-4_best_2bar_segment_2_dualised.mid,171,train\drummer5-session2-21_latin-brazilian-ijexa_108_beat_4-4_best_2bar_segment_2.mid,108,57,latin
session0,59,session0_track59_drummer1-session3-5_jazz-linear_128_beat_4-4_best_2bar_segment_61_original.mid,session0_track59_drummer1-session3-5_jazz-linear_128_beat_4-4_best_2bar_segment_61_dualised.mid,94,train\drummer1-session3-5_jazz-linear_128_beat_4-4_best_2bar_segment_61.mid,128,57,jazz
session0,60,session0_track60_drummer5-session1-17_blues-shuffle_72_beat_4-4_best_2bar_segment_33_original.mid,session0_track60_drummer5-session1-17_blues-shuffle_72_beat_4-4_best_2bar_segment_33_dualised.mid,154,train\drummer5-session1-17_blues-shuffle_72_beat_4-4_best_2bar_segment_33.mid,72,57,blues
session0,61,session0_track61_drummer1-session1-183_afrocuban_105_beat_4-4_best_2bar_segment_15_original.mid,session0_track61_drummer1-session1-183_afrocuban_105_beat_4-4_best_2bar_segment_15_dualised.mid,56,train\drummer1-session1-183_afrocuban_105_beat_4-4_best_2bar_segment_15.mid,105,59,afrocuban
session0,62,session0_track62_drummer5-session2-12_rock_105_beat_4-4_best_2bar_segment_4_original.mid,session0_track62_drummer5-session2-12_rock_105_beat_4-4_best_2bar_segment_4_dualised.mid,165,train\drummer5-session2-12_rock_105_beat_4-4_best_2bar_segment_4.mid,105,60,rock
session0,63,session0_track63_drummer5-session1-7_latin-brazilian-maracatu_96_beat_4-4_best_2bar_segment_68_original.mid,session0_track63_drummer5-session1-7_latin-brazilian-maracatu_96_beat_4-4_best_2bar_segment_68_dualised.mid,22,test\drummer5-session1-7_latin-brazilian-maracatu_96_beat_4-4_best_2bar_segment_68.mid,96,63,latin
session0,64,session0_track64_drummer7-session1-12_funk_102_beat_4-4_best_2bar_segment_11_original.mid,session0_track64_drummer7-session1-12_funk_102_beat_4-4_best_2bar_segment_11_dualised.mid,187,train\drummer7-session1-12_funk_102_beat_4-4_best_2bar_segment_11.mid,102,64,funk
session0,65,session0_track65_drummer5-session2-9_neworleans-shuffle_104_beat_4-4_best_2bar_segment_5_original.mid,session0_track65_drummer5-session2-9_neworleans-shuffle_104_beat_4-4_best_2bar_segment_5_dualised.mid,178,train\drummer5-session2-9_neworleans-shuffle_104_beat_4-4_best_2bar_segment_5.mid,104,68,neworleans
session0,66,session0_track66_drummer7-session1-40_hiphop_100_beat_4-4_best_2bar_segment_0_original.mid,session0_track66_drummer7-session1-40_hiphop_100_beat_4-4_best_2bar_segment_0_dualised.mid,195,train\drummer7-session1-40_hiphop_100_beat_4-4_best_2bar_segment_0.mid,100,70,hiphop
session0,67,session0_track67_drummer5-session1-12_latin-brazilian-sambareggae_96_beat_4-4_best_2bar_segment_41_original.mid,session0_track67_drummer5-session1-12_latin-brazilian-sambareggae_96_beat_4-4_best_2bar_segment_41_dualised.mid,21,test\drummer5-session1-12_latin-brazilian-sambareggae_96_beat_4-4_best_2bar_segment_41.mid,96,73,latin
session0,68,session0_track68_drummer5-session2-1_latin-venezuelan-sangueo_101_beat_4-4_best_2bar_segment_10_original.mid,session0_track68_drummer5-session2-1_latin-venezuelan-sangueo_101_beat_4-4_best_2bar_segment_10_dualised.mid,169,train\drummer5-session2-1_latin-venezuelan-sangueo_101_beat_4-4_best_2bar_segment_10.mid,101,74,latin
session0,69,session0_track69_drummer5-session2-20_latin-brazilian-ijexa_108_beat_4-4_best_2bar_segment_2_original.mid,session0_track69_drummer5-session2-20_latin-brazilian-ijexa_108_beat_4-4_best_2bar_segment_2_dualised.mid,170,train\drummer5-session2-20_latin-brazilian-ijexa_108_beat_4-4_best_2bar_segment_2.mid,108,79,latin
session0,70,session0_track70_drummer5-session1-14_latin-brazilian-songo_112_beat_4-4_best_2bar_segment_120_original.mid,session0_track70_drummer5-session1-14_latin-brazilian-songo_112_beat_4-4_best_2bar_segment_120_dualised.mid,151,train\drummer5-session1-14_latin-brazilian-songo_112_beat_4-4_best_2bar_segment_120.mid,112,97,latin
session0,71,session0_track71_drummer5-session2-24_latin-brazilian-songo_120_beat_4-4_best_2bar_segment_50_original.mid,session0_track71_drummer5-session2-24_latin-brazilian-songo_120_beat_4-4_best_2bar_segment_50_dualised.mid,172,train\drummer5-session2-24_latin-brazilian-songo_120_beat_4-4_best_2bar_segment_50.mid,120,109,latin
